VARIANT_SKU, NORMALIZED_ROS 
TP13010-01-Q6, 0.28 
B86020-17, 0.02 
D124002-01-K,
R141027-07, 0.03 
R120013-04, 0.10 
R88025-05, 0.00 
R88021-01, 0.03 
B86101-23,
D125006-01,
R61009-01, 0.03 
D056014-02, 0.29 
T58013-01, 0.45 
T58028-01,
B149001-01,
B121014-03, 0.22 
B86008-21,
T84012-02, 0.32 
B121026-08, 0.21 
B117001-16, 1.07 
01027841-012-CK-B-000, -   
R141003-08, 0.00 
T58049-01,
00004556-001-FL-W-001-B2, -   
00004556-003-KI-W-006-B3, 0.01 
00004556-008-KI-S-007-B3, -   
R121003-08, 0.00 
R120049-01, 0.04 
B121005-01, 1.00 
R141017-10, -   
00004556-001-QU-W-002-B3, -   
R120034-08,
D70005-01-P, 0.02 
P84068-01-C, 0.07 
R93033-07, 0.01 
00004556-009-FL-S-007-B2, -   
P54005-01-C, 0.04 
00004556-007-FL-S-006-B1, -   
T84008-01,
00004556-001-TW-M-007-B3, -   
B86001-16, 0.12 
00004556-003-FL-W-007-B2, -   
P84011-01-C, 0.22 
00004556-005-CK-S-001-B1, -   
00004556-006-TW-S-002-B2, -   
R141013-05, 0.04 
00004556-001-KI-M-002-B2, -   
T12001-01, 0.13 
00004556-005-FL-S-007-B2, -   
R141011-04, 0.00 
000004556-004-FL-S-002-B1, -   
R120005-07, 0.02 
B83002-01,
B15203-06, 0.06 
R00002-13, 0.14 
00004556-001-TW-W-004-B3, -   
B86014-20,
00004556-006-CK-S-007-B2, -   
R120016-03,
00004556-004-KI-S-007-B2, 0.00 
00004556-003-TW-M-005-B3, -   
B86020-07, 0.03 
B66006-01, 0.80 
B120002-01, 0.23 
T58032-01, 0.33 
R93042-05, 0.02 
P120004-01-C, 0.47 
00004556-001-FL-M-005-B1, -   
B86101-18, 0.05 
B86101-17,
P122005-01-C, 0.01 
00004556-001-TW-W-007-B1, -   
R93012-10, 0.04 
P056076-01-C, 0.32 
B121026-10, 0.14 
00004556-008-KI-S-007-B2, -   
B86001-33, 0.05 
R88037-07, 0.05 
R171017-06, 0.03 
R93022-05, 0.02 
D119001-01, 0.26 
R141018-06, 0.02 
D155001-05, 0.06 
00004556-009-KI-S-004-B1, 0.02 
P56020-02-C, 0.03 
D84017-02, 0.52 
R120041-06, 0.12 
00004556-005-QU-S-001-B1, 0.00 
B15201-04, 0.01 
00004556-002-TW-M-002-B2, -   
00004556-002-KI-W-004-B2, 0.03 
00004556-002-KI-M-002-B3, 0.01 
P56058-01-C,
R171017-08, 0.03 
R93010-04, 0.06 
P126007-01-C, 0.42 
R88013-02, 0.01 
B86101-02,
00004556-002-TW-W-003-B2, -   
B15201-05, 0.04 
D115007-01, 0.04 
R121001-08, 0.01 
00004556-002-FL-M-005-B1, 0.00 
00004556-001-KI-W-007-B2, -   
R93014-03, 0.00 
B112003-02,
R120040-07, 0.02 
00004556-002-QU-W-003-B2, -   
B86010-31, 0.31 
00004556-001-TW-W-001-B1, -   
01027841-012-KI-W-000, 0.02 
00004556-002-TW-W-006-B1, -   
00004556-002-QU-W-003-B1, -   
B86016-17,
00004556-001-TW-M-005-B2, -   
00004556-001-CK-W-001-B3, -   
00004556-009-TW-S-006-B3, -   
00004556-003-TW-W-006-B1, -   
00004556-001-CK-M-005-B1, -   
00004556-004-TW-S-001-B1, -   
B86013-18, 0.06 
A65000-02, -   
B15205-06, 0.05 
00004556-007-FL-S-002-B3, -   
T58030-02, 0.18 
TP70001-01-Q4, 0.30 
R93034-08, 0.02 
B86012-21,
B15204-07, 2.21 
R88025-01,
F184005-01, 0.39 
R158001-15, 0.01 
B86018-31, 0.10 
R121001-07, 0.01 
00004556-006-FL-S-006-B1, -   
00004556-008-FL-S-004-B3, 0.00 
00004556-004-CK-S-005-B2, -   
00004556-002-QU-M-001-B1, 0.04 
00004556-009-FL-S-007-B3, -   
R93040-05, 0.07 
B15218-03, 0.10 
D121016-02, 1.35 
B86011-17, 0.12 
A65039-01, -   
A65002-01, -   
B86100-10, 0.01 
0118316-015-U-W-006, 0.00 
B86009-02, 0.06 
00004556-007-FL-S-007-B3, -   
00004556-001-CK-M-002-B2, -   
00004556-004-QU-S-001-B2, 0.01 
B86016-05, 0.07 
R54009-04,
00004556-001-CK-W-006-B3, -   
B10004-01,
R120032-07, 0.50 
B86015-18, 0.09 
R93013-02, 0.01 
R88026-06,
B86011-09, 0.41 
B121014-04, 0.18 
B86019-21,
00004556-002-TW-W-003-B3, -   
P84021-03-C, 0.03 
D129003-01, 0.08 
00004556-001-QU-W-005-B3, -   
C10001-01-B,
00004556-003-KI-W-001-B2, 0.01 
D116004-01, 0.11 
D140025-01, 0.13 
00004556-003-CK-M-007-B3, -   
P86001-01-C, 0.47 
F147006-01, 0.58 
R120005-01, 0.12 
B86016-29, 0.07 
00004556-003-QU-W-001-B3, -   
B86016-26, 0.13 
00004556-002-TW-W-001-B3, -   
P56067-01-C,
B84002-01, 0.98 
R88010-01,
R88032-06,
A65044-01, -   
R61013-04, -   
B86019-04, 0.08 
P84057-03-C, 0.14 
P84018-03-C, 0.21 
0118316-011-MD-S-004, 0.04 
R54028-03,
00004556-002-TW-M-001-B3, 0.00 
00004556-008-CK-S-004-B1, -   
R120018-01, 0.09 
00004556-008-FL-S-002-B2, -   
R158001-18, 0.05 
01027841-014-FL-A-002, -   
R120008-02,
B86008-10, 0.34 
P20001-28, 1.15 
R120032-06,
R93005-02, 0.24 
00004556-006-QU-S-007- B1, -   
B86014-32, 0.21 
R88028-04,
R120001-03,
00004556-001-TW-M-002-B1, -   
P54012-01-C, 0.07 
D121010-02, 1.72 
D120008-02, 0.14 
D84012-02-Q8, 0.21 
T58043-01,
B121009-02,
R93040-07, 0.02 
01027841-014-KI-W-002, 0.00 
D83001-01, 0.11 
P84055-05-C, 0.36 
R88035-02,
00004556-001-CK-W-004-B1, -   
ODST-SF-DN-S3-A2-C0-RM-TK, 1.00 
00004556-003-QU-M-003-B1, -   
00004556-002-TW-M-005-B2, -   
00004556-001-KI-M-007-B1, 0.00 
A65004-01, -   
F82003-02, 0.19 
00004556-003-QU-M-004-B2, -   
B84003-01, 0.26 
01027841-012-QU-B-001, 0.01 
P120014-04-C, 0.40 
B86016-08, 0.12 
00004556-001-KI-W-006-B1, -   
R93039-01, 0.05 
R120036-02, 0.10 
D119003-02, 0.18 
B86011-20, 2.50 
00004556-002-FL-M-005-B2, 0.00 
R120037-02, 0.04 
R141017-04, -   
SimpSienThr, 0.14 
R120017-08, 0.07 
B86013-08, 0.44 
B121013-03, 0.01 
00004556-002-QU-M-005-B3, 0.02 
B121008-04,
D129004-01, 0.70 
B86012-32, 0.22 
B86013-10, 0.27 
B86012-26, 0.67 
B66001-01, 0.95 
B86007-29, 0.29 
D120010-01, 0.13 
B86028-03, 0.24 
A65000-05, 0.01 
B86038-01, 0.18 
B86008-26, 1.10 
D121017-06,
D104005-01, 0.68 
R88036-02, 0.03 
B86013-21, 1.00 
B86017-27, 0.01 
R141009-08, 0.00 
R133003-01, 0.00 
00004556-008-TW-S-006-B2, -   
D62005-01,
R93005-01, 0.08 
B15211-02, 0.19 
B121017-02, 0.11 
C82003-01, 0.22 
R120043-07,
R120015-05, 0.06 
00004556-005-FL-S-001-B2, -   
R93032-08, 0.03 
B86003-09, 0.41 
B86020-21,
R93044-05, 0.00 
R120008-01,
00004556-002-TW-M-004-B1, 0.01 
00004556-003-QU-W-007-B3, 0.00 
D84001-01-Q6,
R93016-03, 0.08 
TP13001-01-Q4, 0.01 
R141007-05, 0.01 
T58011-01, 0.28 
00004556-003-FL-W-005-B1, -   
D104001-02, 1.93 
01027841-012-CK-A-000, -   
SWA-JB-005, 0.78 
00004556-003-KI-W-002-B2, -   
R133004-02, 0.03 
00004556-008-TW-S-002-B3, -   
R84011-04,
00004556-002-FL-W-003-B3, -   
R141006-07, 0.03 
R141028-07, 0.00 
R106004-06,
0118316-011-LG-S-004, 0.03 
R106003-02,
00004556-001-CK-M-007-B1, -   
P120001-01-C, 0.83 
B15215-08, 0.38 
R88020-04, 0.03 
R61011-01, 0.02 
D116003-01, -   
00004556-008-TW-S-005-B1, -   
00004556-008-FL-S-005-B3, -   
00004556-002-CK-M-005-B3, 0.00 
R88019-04, 0.07 
00004556-003-TW-M-002-B2, -   
00004556-003-KI-W-003-B2, -   
R120020-05, 0.00 
P56074-01-C, 0.34 
R120028-06,
A65000-01, -   
00004556-007-FL-S-007-B1, -   
B86013-19, 0.23 
R120039-07, 0.05 
SWA-JB-002, 1.11 
P84013-01-C, 1.04 
00004556-007-QU-S-001-B3, 0.00 
D84002-01-Q6,
R120049-03, 0.06 
00004556-007-CK-S-004-B3, 0.00 
B86017-18, 0.03 
P84055-01-C, 0.26 
B86015-01, 0.31 
00004556-005-QU-S-007-B2, -   
R151015-01, 0.03 
P123006-05-C, 0.19 
00004556-003-FL-M-004-B2, -   
D140031-01, 0.29 
D129005-01, 0.14 
00004556-002-QU-W-007-B3, -   
B121011-03, 0.01 
00004556-002-FL-W-004-B3, -   
00004556-009-FL-S-006-B1, -   
P56069-01-C, 0.56 
R126004-02,
R114003-01, 0.01 
00004556-002-FL-M-005-B3, 0.00 
00004556-002-CK-M-003-B2, -   
R126001-04,
P84043-05-C, 0.20 
B121019-01, 0.08 
R121002-07, 0.02 
B86016-10, 0.03 
00004556-009-CK-S-001-B1, -   
B121006-03,
D155001-02, 0.13 
B86018-22,
00004556-007-KI-S-005-B2, -   
R61006-01,
00004556-003-TW-M-006-B2, -   
00004556-002-FL-W-005-B2, 0.02 
R61013-02, 0.02 
00004556-001-KI-M-006-B2, -   
R141001-08, 0.04 
B86015-29, 0.24 
00004556-003-TW-W-001-B3, -   
00004556-007-CK-S-002-B2, -   
C97004-03, 0.03 
00004556-005-QU-S-004-B1, 0.01 
B86010-24,
R88033-03,
P56035-01-C, 0.25 
00004556-002-FL-W-006-B1, 0.00 
P58015-02-C, 0.29 
R54004-01, 0.02 
00004556-006-KI-S-006-B2, 0.01 
P84019-03-C, 0.19 
00004556-005-FL-S-002-B2, -   
P84010-02-C, 0.55 
00004556-009-TW-S-001-B3, -   
B86009-22,
P84040-01-C,
00004556-002-TW-M-004-B2, 0.01 
R120035-07, 0.09 
D121015-02, 0.90 
B86021-26,
00004556-003-CK-M-005-B1, -   
00004556-009-QU-S-005-B2, -   
P126001-01-C, 0.05 
00004556-003-QU-W-003-B3, -   
P122006-01-C,
00004556-007-FL-S-004-B2, -   
00004556-001-QU-M-005-B1, -   
B86009-05, 0.23 
R106001-08,
00004556-002-QU-W-005-B2, -   
00004556-003-CK-W-002-B1, -   
P20001-05, 11.80 
D121018-01, 0.58 
B86012-30, 0.37 
C11002-02, 0.30 
P84075-01-C, 1.00 
D121014-01, 0.64 
R00002-10, 1.15 
B117001-08, 0.69 
R106005-04, 0.00 
D143014-08, 0.37 
R88020-01, 0.03 
00004556-005-KI-S-001-B3, 0.01 
B86017-17, 0.03 
R88027-03, 0.01 
R120025-05, 0.00 
P56060-02-C, 0.32 
00004556-007-TW-S-004-B3, -   
R133004-01, 0.01 
00004556-006-TW-S-007-B1, -   
00004556-001-CK-M-007-B2, -   
P84044-04-C, 0.20 
00004556-006-QU-S-006- B1, -   
D121005-01, 0.34 
R88037-02, 0.01 
D140023-01, 0.38 
B121027-04, 0.18 
00004556-002-CK-M-004-B1, -   
B86102-05,
00004556-001-FL-W-005-B2, -   
B86012-24,
R88011-03, 0.02 
00004556-001-KI-M-006-B3, -   
00004556-003-FL-W-007-B1, -   
B15220-04, 0.49 
R120011-01,
B86002-30, 0.37 
00004556-002-FL-W-006-B3, 0.00 
B10003-01,
B121021-03, 0.23 
P58015-01-C, 0.25 
00004556-001-TW-W-005-B3, -   
R141027-05, 0.12 
B86019-22,
00004556-007-CK-S-007-B2, 0.00 
SWA-CRY-014, 0.16 
R141017-01, 0.10 
00004556-008-CK-S-007-B2, -   
aqoe-rustic-dipping, 0.32 
0118316-014-U-M-003, 0.00 
R120048-06, 0.08 
P84067-01-C, 0.14 
00004556-008-CK-S-006-B3, -   
00004556-003-CK-W-007-B2, -   
P123011-02-C, 0.12 
D104002-03, 1.26 
F137001-05, 0.24 
P120007-02-C, 0.35 
00004556-007-FL-S-001-B3, -   
R93043-07, 0.00 
D119007-02, 0.17 
A65001-01, -   
B132002-03, 0.24 
A65094-01, -   
B15201-02, 0.00 
B117001-39, 0.24 
P54010-02-C, 0.98 
B15210-06, 0.15 
B121020-01, 0.05 
B86101-05,
B15213-01, 0.10 
B86008-33, 0.22 
B86010-16, 0.54 
D73007-01, 0.01 
B86023-09,
P56037-04-C, 0.23 
B86100-14, 0.01 
B86018-21,
B86009-21,
01027841-012-CK-B-001, 0.01 
00004556-005-CK-S-005-B1, -   
00004556-001-TW-M-006-B1, -   
D154003-01, 0.11 
D140022-01, 0.22 
R88008-04, 0.07 
B86016-33, 0.06 
P120015-02-C, 0.23 
00004556-001-QU-W-003-B1, -   
00004556-006-TW-S-007-B2, -   
00004556-003-TW-M-005-B1, -   
P056073-01-C, 0.30 
B86020-08, 0.03 
00004556-009-QU-S-004-B1, 0.01 
00004556-006-QU-S-007- B3, -   
P56050-02-C, 2.00 
B121008-03,
00004556-002-TW-W-004-B1, -   
R120052-01, 0.09 
01027841-012-TW-A-001, 0.00 
B86012-07, 0.53 
R126007-02, 0.00 
R88006-03, 1.00 
C79005-01, 0.45 
B15220-02, 0.42 
01027841-015-U-W-001, 0.01 
A65076-01, -   
B86011-24,
B121007-04, 1.00 
D104010-02, 1.33 
C10001-02-B, -   
R120034-06,
P56036-02-C, 0.14 
00004556-001-QU-M-006-B1, -   
B86100-21, 0.04 
B86030-03, 0.22 
R120016-07, 0.00 
B86011-26, 0.61 
B15212-07, 0.31 
00004556-002-QU-M-006-B3, 0.01 
B15222-04, 0.19 
P56073-01-C, 0.12 
R54014-03, 0.09 
B86007-02, 0.07 
B15222-02, 0.14 
B86032-01,
P15001-02-C, 1.33 
SWA-JB-003, 0.92 
B15204-06, 0.96 
TP70001-02-Q4, 0.42 
R141004-01, 0.09 
B121020-04, 0.07 
0118316-009-U-W-007, 0.00 
B86015-16, 0.54 
R88015-01,
01027841-014-QU-B-002, -   
R120024-01,
R120043-08,
ODST-SF-DN-S2-A2-C0-RM-TK,
D121002-02,
00004556-001-FL-W-003-B3, -   
PM0002-GW-2, 0.03 
R93014-01, 0.01 
R84001-05,
R106003-03,
D121001-02,
D84008-03-Q6, 0.11 
D150005-01, 0.24 
R120020-01, 0.07 
R88033-07, 0.00 
R141002-05, 0.06 
R120015-01, 1.00 
P84061-01-C, 0.42 
00004556-003-CK-W-001-B1, 0.00 
B121019-03, 0.13 
B86022-07,
00004556-008-QU-S-007-B1, -   
B121012-01, 0.25 
00004556-005-FL-S-005-B3, -   
00004556-006-KI-S-005-B2, -   
R93040-04, 0.09 
00004556-005-TW-S-002-B2, -   
B121004-02, 0.02 
00004556-001-KI-W-001-B2, 0.01 
P56056-01-C, 0.03 
R93006-01, 0.04 
00004556-004-QU-S-002-B1, 0.00 
D86004-01,
B86001-32, 0.05 
R93022-07, 0.07 
00004556-001-TW-M-005-B3, -   
R93012-03, 0.13 
00004556-003-KI-M-005-B1, -   
B86001-17,
R88026-02,
B121025-02, 0.23 
B15204-02, 0.99 
D142001-02,
P112006-01-C, 1.00 
R61009-02,
R54008-02, 0.03 
R88038-03, 0.00 
00004556-004-TW-S-006-B2, -   
A65086-01,
R88030-05, 0.00 
R120003-08, 0.02 
B86017-29, 0.01 
B120003-02, 0.45 
R120027-06, 0.02 
R93012-07, 0.09 
B86103-23,
R106003-04, 0.03 
00004556-007-QU-S-002-B3, -   
P84018-05-C, 0.43 
P120003-04-C, 1.50 
D119020-01, 0.12 
R00002-05, 1.80 
R106005-07,
R120005-04, 0.06 
R120015-02, 0.02 
B86100-25, -   
B15208-03, 0.10 
R120008-04, 0.00 
C97005-03, 0.09 
R93046-04, 0.03 
P141011-01-C, 0.22 
00004556-006-QU-S-004 - B1, 0.01 
D140020-01, 0.10 
R88036-05, 0.02 
00004556-005-CK-S-007-B1, -   
R120030-07,
SWA-CRY-003, 0.20 
B86018-05, 0.37 
SWA-LIB-0002,
R93031-05, 0.01 
P84055-03-C, 0.24 
00004556-003-FL-W-003-B3, -   
R106005-05, 0.00 
00004556-001-TW-W-002-B3, -   
P120010-02-C, 0.72 
R133001-01, 0.05 
B121010-02, 0.07 
B117001-32, 0.47 
00004556-001-FL-W-004-B3, -   
B117001-26, 1.02 
R93045-02, 0.01 
R88029-04, 0.01 
00004556-007-CK-S-007-B1, 0.00 
D124001-02-K,
00004556-003-KI-W-006-B1, 0.01 
00004556-005-KI-S-002-B3, -   
T58024-02, 0.09 
P84067-02-C, 0.47 
T84011-01,
00004556-002-CK-W-004-B1, -   
R88023-04, 0.04 
C83003-01, 0.06 
R120038-09, 0.00 
P56032-02-C, 0.12 
P84018-04-C, 0.43 
A65069-01, 0.02 
B100005-01,
P84037-02-C,
D84020-01, 0.39 
R93036-06, 0.02 
R93044-01, 0.01 
B15203-05, 0.12 
00004556-003-CK-M-001-B1, -   
B86041-01, 0.12 
00004556-003-KI-W-003-B3, -   
T58012-01, 0.06 
00004556-005-KI-S-006-B2, 0.00 
P56048-01-C, 0.31 
00004556-002-FL-M-004-B2, -   
0118316-015-U-M-004, -   
B86014-05, 0.29 
D119011-01, 0.15 
D84022-01, 0.14 
B121016-02, 0.18 
00004556-009-KI-S-007-B1, -   
P61001-01-C, 0.02 
P56046-01-C, 0.34 
B86021-16,
00004556-002-KI-M-001-B1, 0.07 
B121006-02,
P56055-01-C, 0.05 
B121022-03,
B15211-05, 0.21 
00004556-002-FL-W-002-B3, -   
R93036-07, 0.01 
00004556-007-KI-S-006-B3, -   
R120013-06, 0.02 
0118316-010-U-W-004, 0.03 
P120002-02-C, 0.60 
B60008-01, 0.59 
B86026-02, 0.29 
P141007-01-C, 0.19 
00004556-002-CK-W-007-B1, -   
P58005-01-C, 0.02 
00004556-002-TW-M-004-B3, 0.01 
B121026-14, 0.33 
B121004-01, 0.01 
D121006-01, 0.89 
D140014-01,
B15203-08, 0.14 
T84012-01,
R93003-04, 0.03 
00004556-006-CK-S-006-B1, 0.00 
01027841-012-CK-W-000, 0.00 
00004556-006-CK-S-006-B3, 0.00 
0118316-015-U-M-006, -   
D090011-01, 0.06 
P120011-01-C, 0.70 
B117001-04, 0.67 
R00002-02, 0.47 
00004556-009-TW-S-004-B2, -   
P56029-01-C, 0.56 
00004556-001-CK-W-001-B2, -   
00004556-001-CK-M-003-B2, -   
R141005-05, 0.04 
T58040-01, 0.25 
R120026-04,
00004556-007-KI-S-005-B1, -   
P56068-01-C, 0.03 
01027841-014-CK-A-002, -   
R120038-06, 0.08 
R54025-02,
R120011-04, 0.02 
R88032-07, 0.00 
D120007-02, 0.82 
0118316-005-U-S-009, -   
B121010-05, 0.01 
B86011-33, 0.14 
B86010-08, 0.43 
00004556-001-TW-M-007-B2, -   
R120010-01, 0.50 
R88036-06, 0.06 
R120018-07,
B15218-02, 0.51 
R93013-04, 0.01 
R93037-07, 0.02 
R120037-03, 0.04 
00004556-001-KI-W-004-B3, 0.00 
R93044-07, 0.00 
B86015-20,
01027841-012-QU-A-001, 0.02 
00004556-002-KI-W-004-B3, 0.03 
B117001-34, 0.34 
F97011-02, 0.01 
B120004-01, 0.46 
R88008-01, 1.00 
00004556-002-QU-M-005-B2, 0.02 
00004556-009-CK-S-006-B1, -   
R93015-04,
P84047-01-C, 0.06 
00004556-006-FL-S-004-B2, 0.01 
B120006-02, 0.54 
B117001-31, 0.39 
B86009-27, 0.28 
R61012-04, 0.00 
R93046-05, 0.03 
T58052-02, 0.13 
R93015-05,
P120007-01-C, 0.72 
00004556-002-CK-M-006-B3, 0.00 
T58055-01, 0.17 
R133003-03, -   
00004556-008-FL-S-002-B1, -   
D86003-02, 1.00 
B121020-02, 0.05 
B117001-09, 0.61 
B86009-10, 0.19 
R141002-07, 0.04 
00004556-002-FL-W-006-B2, 0.00 
00004556-003-FL-W-004-B2, -   
B15207-01, 0.49 
B86032-03,
D143009-03, 0.52 
00004556-009-FL-S-002-B3, -   
B15209-06, 0.20 
B86014-26, 0.83 
R88013-04, 0.03 
P84045-01-C, 0.03 
00004556-002-QU-M-001-B2, 0.04 
00004556-006-FL-S-005-B1, -   
R88027-04, 0.01 
D10026-01,
00004556-006-TW-S-006-B3, -   
B86011-18, 0.07 
B15202-03, 0.15 
R88032-04,
B15202-04, 0.10 
B86001-26, 0.08 
00004556-003-FL-M-003-B1, -   
00004556-006-QU-S-004 - B2, 0.01 
F97017-01,
B121003-02,
P81012-01-C, 0.05 
00004556-001-QU-W-006-B1, -   
D110001-01, 0.38 
002560062-018-U-S-005, 0.00 
00004556-008-QU-S-005-B2, -   
D103001-02,
00004556-003-KI-M-002-B3, -   
P122005-02-C, 0.00 
00004556-001-QU-W-001-B2, -   
F151001-02, 0.01 
R133002-02, 0.01 
B15211-07, 0.19 
D140013-01, 0.18 
D121015-03, 0.65 
B86003-04, 0.35 
aqoe-rustic-pouring-sm, 0.44 
R120053-06, 0.14 
F147002-01, 0.11 
B86009-19, 0.22 
sku-47373920469219, 1.30 
00004556-005-QU-S-006-B1, -   
B86008-27, 0.53 
B121008-05, -   
P84073-01-C, 1.17 
D121017-02, 1.56 
D10601-01,
F97010-03, 0.01 
D116006-02, 0.18 
C97009-02, 0.09 
B86016-16, 0.16 
D121007-03, 0.81 
B86008-08, 0.72 
D104009-03, 1.02 
B15209-08, 0.38 
D121019-04, 0.31 
A65070-01, -   
B86029-01, 0.08 
B86012-19, 0.43 
0118316-011-SM-S-008, 1.14 
P68005-01-C, 1.43 
R120029-07, 1.00 
D73012-02, 0.04 
R84008-01, 0.04 
R141004-07, 0.03 
F137001-07, 0.24 
B86007-21,
R93041-08, 0.00 
B121028-02, 0.26 
B86007-24,
00004556-008-QU-S-004-B2, 0.00 
B86018-29, 0.08 
PM0001-GW-2, 0.02 
R141018-07, 0.02 
R93003-05, 0.03 
R93010-10, 0.04 
00004556-001-KI-M-001-B2, 0.02 
00004556-002-CK-M-001-B1, 0.02 
00004556-001-QU-W-004-B2, -   
R93035-06, 0.04 
D120005-01, 1.75 
D140010-01, 0.07 
R88001-01, 0.02 
B86039-01, 0.31 
D125003-02, 0.02 
R54018-02,
R93046-07, 0.03 
D126001-08, 0.35 
00004556-005-KI-S-004-B1, 0.02 
00004556-002-KI-M-003-B3, 0.00 
R161016-02, 1.00 
B86101-06,
D73015-01, 0.02 
S104003-01, 0.14 
00004556-003-FL-M-002-B3, -   
B86014-33, 0.49 
00004556-003-QU-M-005-B3, 0.01 
R151015-05, 0.03 
00004556-002-TW-M-002-B1, -   
P56051-01-C, 0.01 
B86017-05, 0.08 
P056072-01-C, 0.47 
R120021-02, 0.05 
B13401-01, 0.20 
TP70002-02-Q4, 0.18 
00004556-003-CK-M-005-B2, -   
00004556-001-CK-W-007-B2, -   
R141029-01, 0.07 
P84025-01-C, 0.03 
B121024-04, 0.15 
B86018-33, 0.06 
00004556-006-QU-S-004 - B3, 0.01 
00004556-001-CK-W-007-B1, -   
D136001-01, 1.00 
D143005-01, 0.39 
P56040-01-C, 0.27 
T58027-01,
R120044-05, 0.03 
B83001-03, 0.49 
00004556-001-FL-W-007-B2, -   
00004556-002-KI-M-004-B2, 0.01 
P120003-01-C, 0.66 
P120009-03-C, 0.71 
00004556-005-TW-S-005-B1, -   
00004556-006-TW-S-005-B1, -   
B86021-17,
00004556-001-FL-M-007-B3, -   
P120008-02-C, 1.02 
R93034-07, 0.03 
00004556-009-KI-S-001-B3, 0.01 
B86007-22, 0.12 
B86009-18, 0.06 
00004556-002-TW-W-002-B3, -   
C77001-01,
B86103-06, 0.01 
B86017-06, 0.02 
00004556-007-FL-S-004-B3, -   
01027841-014-TW-A-002, -   
R120044-08, 0.02 
R54009-03, 0.04 
R93012-01, 0.07 
00004556-003-TW-W-003-B3, -   
P84063-01-C, 0.24 
0118316-006-U-S-004, 0.05 
00004556-009-QU-S-006-B2, 0.00 
R93030-06,
00004556-008-QU-S-004-B3, 0.00 
B15201-01, 0.02 
00004556-001-QU-W-003-B3, -   
P84020-03-C, 0.16 
B86102-06,
00004556-009-TW-S-007-B1, -   
00004556-002-FL-M-006-B2, 0.00 
T139006-01, 0.53 
00004556-001-KI-M-004-B1, 0.01 
R120042-06, 0.07 
D84009-02-Q6,
R141027-01, 0.13 
00004556-002-FL-W-001-B3, 0.01 
00004556-003-TW-M-001-B3, -   
0118316-010-U-W-007, -   
R120018-08,
R93041-07, 0.02 
D129007-01, 0.69 
P84062-01-C, 0.47 
00004556-002-KI-M-006-B1, 0.02 
D124001-04-Q2,
R120022-05,
00004556-002-TW-W-007-B1, -   
B86002-09, 0.42 
D154004-01, 0.12 
00004556-002-QU-W-002-B2, -   
D120007-01, 0.86 
B121026-09, 0.26 
R141013-06, 0.12 
01027841-012-TW-A-000, -   
00004556-008-CK-S-001-B1, -   
D121004-03, 1.62 
00004556-007-TW-S-005-B1, -   
0118316-007-U-W-007, 0.01 
B86015-19, 0.40 
B86022-05, 0.25 
B66005-02, 1.05 
00004556-001-KI-W-005-B1, -   
00004556-009-CK-S-007-B2, -   
00004556-002-FL-M-004-B3, -   
R161016-06, 0.08 
F137001-03, 0.10 
P58016-01-C, 0.52 
B15202-08, 0.22 
00004556-006-CK-S-006-B2, 0.00 
00004556-008-QU-S-002-B3, 0.00 
00004556-008-KI-S-001-B2, 0.01 
R93024-04, 0.01 
B86009-30, 0.41 
D125002-02, 0.01 
00004556-008-CK-S-001-B3, -   
F97021-01, 0.01 
0118316-007-U-W-005, 0.00 
00004556-009-FL-S-004-B3, 0.00 
R93036-05, 0.01 
B86019-31, 0.07 
R120009-05, 0.00 
R88022-03,
00004556-003-KI-M-006-B3, -   
R120023-04,
T58003-01, 0.27 
B86018-02, 0.13 
F070001-01, 0.20 
B15206-02, 0.91 
R151015-07, 0.03 
B15207-07, 0.27 
00004556-007-TW-S-001-B3, -   
R00002-04, 1.33 
00004556-003-QU-W-005-B2, -   
00004556-002-QU-M-004-B1, 0.01 
00004556-006-KI-S-007-B3, -   
00004556-005-FL-S-007-B3, -   
00004556-002-KI-W-002-B1, 0.01 
B86017-26, 0.02 
D129003-02-F, 0.11 
R120051-08, -   
00004556-006-KI-S-005-B3, -   
R88005-03, 0.01 
002560062-017-U-S-006, 0.01 
D154002-02, 0.12 
00004556-004-TW-S-004-B1, -   
R88038-07,
00004556-005-TW-S-001-B2, -   
SWA-CRY-001, 0.27 
TP13006-01-Q6, 0.34 
B86102-09,
R158001-08, -   
00004556-009-QU-S-007-B1, 0.01 
00004556-007-TW-S-001-B2, -   
B15214-08, 0.00 
R120042-01, 0.02 
B117001-18, 0.38 
00004556-002-CK-W-006-B3, 0.00 
R120019-03, 0.16 
R106001-02,
D83002-01, 0.04 
01027841-014-KI-B-002, -   
R120047-06, 0.08 
D86002-03, 1.00 
B86025-03, 0.34 
B121007-05, 0.09 
R88018-07, 0.02 
R61010-02, 0.02 
B86100-07, -   
R141017-07, 0.06 
00004556-004-TW-S-005-B2, -   
00004556-004-CK-S-002-B1, -   
00004556-009-TW-S-004-B1, -   
D093001-01,
R120038-02, 0.02 
01027841-013-U-B-000, 0.05 
B121010-01, 0.02 
R141012-06, 0.04 
T139008-02, 0.18 
B132002-04, 0.18 
B15206-08, 1.42 
00004556-008-TW-S-004-B3, -   
R141028-06, 0.01 
00004556-007-CK-S-004-B2, 0.00 
D140002-01, 0.39 
C97001-01, 0.33 
00004556-006-FL-S-004-B1, 0.01 
00004556-006-FL-S-005-B3, -   
B84001-02, 0.72 
P84017-02-C, 0.20 
B121006-05, 0.06 
D86004-02,
A65093-01, 0.01 
R93022-06, 0.04 
D121003-02,
00004556-006-QU-S-005- B1, -   
00004556-003-FL-M-005-B3, -   
B145001-02, 1.20 
D121014-03, 0.65 
00004556-005-TW-S-005-B3, -   
R126008-01,
P84056-04-C, 0.42 
00004556-004-TW-S-005-B1, -   
R93016-06, 0.12 
R120036-04, 0.01 
B86009-09, 0.29 
B86008-04, 0.34 
B117001-38, 0.28 
B86022-32, 0.23 
B112002-02,
A65071-01, -   
B86028-01, 0.10 
B86013-32, 0.13 
R158003-03, 0.03 
A65000-13, 0.01 
00004556-003-QU-M-001-B1, 0.00 
00004556-001-FL-W-007-B1, -   
C97007-02, 0.17 
P120014-02-C, 0.32 
B86037-02, 0.12 
B60009-01, 0.29 
B86010-07, 0.36 
D115003-01, 0.06 
P20001-31, 0.55 
A65000-14, 0.01 
B86016-01, 0.15 
B86012-20,
P20001-24, 9.79 
B86001-27, 0.11 
A65062-01,
B86012-05, 0.55 
B86003-16, 1.19 
R126003-02, 0.03 
B86033-03, 0.10 
00004556-007-FL-S-005-B3, -   
D104010-01, 2.42 
D84017-01, 0.22 
B86003-29, 0.42 
B121008-01, 0.17 
B15211-03, 0.20 
D115002-01, 0.05 
B15223-05, 0.26 
B86026-03, 0.46 
A65000-06, 0.01 
B86037-03, 0.17 
A65078-01, 0.01 
B86007-09, 0.43 
B86035-02,
B15210-07, 0.22 
R120012-04, 1.00 
D62019-02, 1.16 
R120012-05, 1.19 
R84002-03,
C79003-02,
R93007-05,
R88015-04,
R126007-01, 0.01 
B15211-08, 0.23 
R88030-01, 0.10 
R171017-01, 0.06 
D70005-02-P, 1.50 
D121020-07, 1.00 
R120031-04,
R56002-02, 0.02 
R120038-05, 0.04 
P84037-01-C, 0.09 
B86018-16, 0.23 
00004556-003-QU-W-004-B2, 0.00 
00004556-007-CK-S-006-B3, 0.01 
B86019-01, 0.21 
R141003-01, 0.03 
P120009-02-C, 0.57 
R141004-06, 0.03 
00004556-008-FL-S-007-B1, -   
R93010-09, 0.04 
00004556-002-FL-W-003-B1, -   
D124002-02-Q2,
R61011-02, 0.04 
B15215-06, 0.15 
P141003-02-C, 0.04 
R88038-05,
B86100-20, 0.05 
B86102-23,
B15215-05, 0.16 
D84003-02-Q6,
00004556-006-CK-S-001-B3, -   
D121013-03, 1.00 
R54009-01,
R141007-08, 0.05 
R120018-05,
B86101-20,
00004556-008-QU-S-007-B3, -   
00004556-002-KI-W-006-B1, 0.01 
R88033-06,
R120005-06, 0.12 
R141005-08, 0.02 
00004556-004-KI-S-004-B1, 0.01 
R88015-05,
R93041-04, 0.01 
R93033-06, 0.02 
00004556-003-FL-W-001-B2, -   
00004556-009-KI-S-006-B2, 0.01 
P84037-05-C, 0.15 
D121002-03, 2.38 
R120049-07, 0.02 
00004556-008-KI-S-006-B1, -   
00004556-003-TW-M-003-B2, -   
B144004-02, 0.39 
B86002-29, 0.58 
D116006-01, 0.15 
P84036-01-C, 0.03 
D86003-03, 1.00 
B60002-01,
R133002-03, 0.01 
D74004-02, 0.07 
00004556-001-CK-W-002-B1, -   
R151015-08, 0.01 
00004556-002-CK-W-004-B3, -   
00004556-001-FL-M-007-B1, -   
00004556-003-TW-M-007-B2, -   
R141004-03, 0.06 
P122002-01-C,
00004556-009-TW-S-005-B2, -   
R120036-01, 0.01 
00004556-002-CK-W-006-B1, 0.00 
P56054-02-C,
00004556-003-CK-M-006-B1, 0.00 
D84008-01-Q6, 0.08 
00004556-006-CK-S-004-B2, 0.01 
R120021-04,
P84059-01-C, 0.67 
P120003-06-C, 0.86 
R120017-07,
F148001-Q, 0.17 
00004556-002-CK-W-005-B1, -   
00004556-004-CK-S-004-B2, -   
P63003-02-U,
B86102-22,
00004556-006-KI-S-004-B3, 0.01 
00004556-006-KI-S-002-B3, 0.00 
0118316-009-U-W-005, -   
00004556-003-CK-W-004-B1, -   
00004556-002-QU-M-006-B1, 0.01 
R61011-04, 0.01 
R93022-01, 0.03 
D121016-07,
R88013-03, 0.01 
R141007-06, 0.03 
B121002-04,
00004556-007-QU-S-005-B3, -   
01027841-012-FL-A-000, -   
F148002-01-B2, 0.19 
P84012-06-C, 0.02 
00004556-002-CK-W-003-B3, -   
00004556-004-FL-S-001-B2, -   
B86020-27, 0.02 
P56059-01-C,
R88037-01, 0.03 
B86019-09, 0.12 
PM1001-55,
D86001-10, 0.22 
SWA-LIB-0005, 1.00 
B86103-04, 0.00 
R93012-09, 0.08 
00004556-001-QU-M-006-B2, -   
D62022-01, 0.15 
00004556-006-QU-S-005- B2, -   
00004556-009-KI-S-005-B1, -   
D086001-03, 0.31 
00004556-001-TW-W-001-B2, -   
P141009-01-C, 0.47 
P84022-01-C, 0.15 
00004556-008-KI-S-007-B1, -   
00004556-001-FL-M-004-B1, -   
B86008-24, 0.04 
P68007-01-C, 0.17 
P56059-02-C,
R88014-02,
B86001-02, 0.07 
R120025-03, 0.01 
00004556-003-QU-M-007-B2, -   
R93016-09, 0.07 
00004556-001-KI-M-007-B2, 0.00 
00004556-003-CK-W-001-B3, 0.00 
00004556-001-CK-M-001-B1, 0.00 
P120013-02-C, 0.13 
00004556-005-FL-S-006-B3, -   
B13401-02, 0.24 
0118316-015-U-W-005, -   
00004556-006-TW-S-002-B3, -   
00004556-003-CK-W-004-B3, -   
00004556-001-TW-M-004-B1, -   
D115006-02, 0.07 
R88018-04, 0.03 
P123009-02-C, 0.49 
R93041-05, 0.02 
R120039-05, 0.02 
P120001-02-C, 0.60 
00004556-002-CK-M-001-B3, 0.02 
R88027-05, 0.01 
00004556-001-TW-W-001-B3, -   
00004556-003-FL-M-004-B3, -   
00004556-009-TW-S-005-B3, -   
P126008-01-C, 0.64 
00004556-003-TW-M-007-B3, -   
R120002-04, 0.02 
00004556-003-FL-W-006-B1, -   
ODST-OT-DN-S0-A0-C1-SA-TK, 1.00 
00004556-002-QU-M-002-B2, -   
P120001-03-C, 0.34 
B117001-07, 0.65 
D157001-04, 0.15 
R61012-03, 0.04 
00004556-002-FL-M-002-B2, 0.00 
D121014-02, 0.65 
D086002-03, 0.31 
C97007-03, 0.12 
R88027-06, 0.00 
00004556-006-QU-S-001- B1, 0.00 
00004556-001-TW-W-003-B3, -   
P56040-02-C,
R92001-02, 1.00 
P84054-03-C, 0.35 
R88023-05, 0.04 
R00002-03,
00004556-007-CK-S-001-B3, -   
R93016-04, 0.16 
00004556-005-CK-S-002-B1, -   
B15216-03, 0.12 
00004556-002-FL-M-002-B1, 0.00 
B86102-04,
B86021-27,
R88032-05,
R141026-05, 0.02 
R93033-08, 0.00 
B15214-06, 0.01 
P84012-02-C, 0.34 
R141011-08, 0.03 
01027841-013-U-W-000, 0.19 
B15208-06, 0.14 
P141004-01-C, 0.04 
00004556-002-FL-W-004-B2, -   
00004556-001-QU-M-005-B2, -   
P126007-03-C, 0.24 
00004556-007-TW-S-006-B2, -   
T139003-01, 0.16 
00004556-002-TW-M-005-B1, -   
B86010-30, 0.58 
R61009-04, 0.01 
B121017-01, 0.10 
B86017-09, 0.02 
01027841-012-CK-A-001, -   
00004556-008-CK-S-006-B1, -   
P122003-01-C, 0.05 
00004556-003-KI-M-001-B1, 0.00 
R120002-01, 0.02 
00004556-001-CK-W-002-B2, -   
SWA-CRY-007, 0.38 
R84010-02,
00004556-005-TW-S-007-B2, -   
C10001-01-C,
B121011-04,
00004556-004-QU-S-004-B1, 0.00 
R93016-02, 0.04 
00004556-006-FL-S-004-B3, 0.01 
B66002-02, 0.84 
00004556-002-KI-W-003-B3, -   
B86002-18, 0.29 
B15212-02, 0.24 
R54014-01, 0.08 
002560062-017-U-S-007, 0.00 
P120012-04-C, 0.29 
00004556-008-QU-S-006-B2, -   
P56037-01-C, 0.34 
B86011-22,
D86001-05, 0.21 
B86007-32, 0.18 
SKU 1, -   
B86012-01, 0.51 
002560062-016-U-S-006, -   
F97014-01, 0.05 
R120041-05,
R88036-01, 0.02 
ODST-SL-DN-S5-A2-C0-SA-TK,
B86008-17,
00004556-002-KI-M-005-B3, 0.01 
B86002-04, 0.38 
A65016-01, -   
D150006-01, 0.06 
R120042-02,
B86008-02, 0.09 
B15219-01, 0.59 
B86012-16, 0.75 
D121007-01, 0.60 
B86013-20, 1.00 
A65068-01, 0.02 
B15213-05, 0.10 
B86009-32, 0.15 
R120052-03, 0.22 
D84021-02, 0.10 
R121003-05, 0.00 
R120052-02, 0.28 
P120015-01-C, 0.29 
A65000-15, -   
C79005-02, 0.39 
00004556-002-FL-W-007-B2, -   
B86012-33, 0.13 
B86013-16, 0.48 
B86034-01, 0.05 
B86033-01, 0.07 
P120002-06-C, 0.70 
P20001-23, 7.25 
D104011-01, 2.65 
B86003-05, 0.62 
B86011-19, 0.28 
B66009-01, 1.06 
A65000-12, -   
B86003-33, 0.18 
B15213-03, 0.07 
B86029-03, 0.24 
T123001-01, 1.13 
D120001-02, 1.53 
D84021-01, 0.43 
P68005-02-C, 1.00 
R120012-02, 1.00 
D86006-01,
B86100-02, -   
D115010-01, 0.11 
R161016-03, 0.26 
R120042-03,
D116001-03, 0.25 
R93022-09, 0.02 
R126007-03, 0.00 
D97001-02, 0.19 
T143001-01, 0.81 
B121027-01, 0.27 
00004556-003-FL-M-001-B2, -   
B86020-20, 0.02 
D150007-01, 0.07 
00004556-003-CK-M-003-B1, -   
B86018-20,
R88005-01, 0.02 
B86020-04, 0.01 
00004556-002-TW-W-006-B3, -   
B86030-02, 0.18 
0118316-014-U-M-007, 0.01 
R120020-02, 0.01 
B86015-17,
00004556-003-CK-W-006-B1, -   
00004556-002-KI-W-002-B3, 0.01 
00004556-007-CK-S-002-B1, -   
F147001-01, 0.62 
R93014-06, 0.01 
B86012-02, 0.16 
00004556-006-FL-S-006-B3, -   
P67003-01-C,
B86018-27, 0.13 
01027841-012-KI-A-000, -   
00004556-005-TW-S-004-B3, -   
00004556-001-CK-M-001-B2, 0.00 
B15214-04, 0.02 
00004556-002-QU-W-004-B3, 0.02 
R120027-07, 0.02 
00004556-001-QU-W-001-B3, -   
00004556-007-QU-S-006-B2, -   
D126001-07, 0.12 
B86009-17,
R120035-08, 0.03 
D120008-01, 1.02 
P123008-01-C, 0.06 
P84058-01-C, 0.04 
R120009-01, 0.01 
D86002-02, 1.00 
3230025, 1.00 
SWA-LIB-0003, 1.00 
D129002-02, 0.43 
P84036-02-C,
P58006-01-C,
R61007-01,
R126008-02,
B86001-06, 0.06 
00004556-009-FL-S-005-B2, -   
R161016-08, 0.00 
00004556-002-FL-M-003-B1, -   
R93034-06, 0.03 
00004556-006-KI-S-006-B1, 0.01 
R120034-07,
C84004-01,
P56062-01-C, 0.18 
B86010-10, 0.25 
00004556-001-FL-W-002-B2, -   
P84018-02-C, 0.35 
00004556-001-FL-W-001-B3, -   
00004556-004-KI-S-002-B1, 0.01 
B121016-01, 0.22 
00004556-002-CK-M-007-B1, 0.01 
B86007-17,
D104006-01, 0.36 
R141010-10, 0.05 
SWA-CRY-013, 0.35 
R120016-04, 0.02 
R133004-03, 0.03 
R120048-01, 0.02 
R120013-05, 0.03 
01027841-014-CK-W-002, 0.00 
R141008-08, 0.01 
R93039-08, -   
00004556-005-KI-S-001-B1, 0.01 
D86005-02,
R141019-06, 0.02 
D115009-01, 0.17 
B86012-17,
R88006-02,
D119010-02, 0.18 
T84009-02, 0.66 
00004556-004-QU-S-006-B2, -   
R120027-05, 0.03 
P81011-01-C, 0.22 
00004556-002-TW-M-006-B2, -   
00004556-002-FL-W-002-B1, -   
B86102-02,
D121013-01, 0.21 
B86017-01, 0.03 
00004556-005-CK-S-007-B3, -   
D140008-04,
0118316-011-SM-S-007, 0.01 
D148004-01, 0.28 
00004556-005-FL-S-004-B1, 0.00 
P123002-01-C, 0.29 
B144003-02, 0.32 
B132003-03, 0.28 
B121021-04, 0.15 
00004556-007-KI-S-002-B2, 0.00 
P84058-02-C, 1.00 
00004556-001-QU-M-002-B2, -   
R61011-03, 0.02 
B15207-05, 0.41 
D73011-01,
00004556-001-KI-W-003-B3, -   
R93032-06, 0.11 
R93017-06,
B86010-09, 0.34 
B86016-30, 0.10 
D121016-03, 0.95 
B15209-02, 0.28 
0118316-005-U-S-007, 0.01 
00004556-005-FL-S-005-B2, -   
R141006-05, 0.04 
P120010-04-C, 1.57 
00004556-002-QU-W-007-B1, -   
R141014-03, 0.06 
00004556-005-FL-S-006-B1, -   
R88028-06,
00004556-001-KI-M-004-B3, 0.01 
00004556-004-FL-S-001-B1, -   
00004556-001-CK-W-002-B3, -   
PM1001-10,
R88003-07,
SWA-CRY-009, 0.53 
R93029-06, 0.01 
SWA-CRY-008, 0.44 
00004556-007-TW-S-005-B2, -   
R88008-02,
00004556-007-KI-S-001-B1, -   
00004556-006-CK-S-002-B3, 0.00 
00004556-002-TW-W-005-B2, -   
B86020-22,
D104002-02, 0.79 
00004556-002-TW-M-003-B1, -   
R126007-04,
00004556-003-FL-M-002-B1, -   
00004556-008-FL-S-005-B1, -   
01027841-012-QU-W-000, 0.00 
0118316-011-SM-S-004, 0.16 
T12002-09,
00004556-002-CK-W-007-B2, -   
R93043-08, 0.01 
00004556-005-TW-S-006-B2, -   
00004556-006-FL-S-002-B1, -   
R88018-06, 0.05 
D123002-02, 0.05 
R120049-05, 0.02 
P56070-01-C,
D086001-05, 1.04 
00004556-003-CK-W-004-B2, -   
01027841-014-TW-W-002, -   
R88034-04,
C116001-01,
00004556-003-KI-M-003-B2, -   
B15204-04, 0.77 
F137001-02, 0.07 
B86020-19, 0.01 
R141029-07, 0.05 
T139001-01, 1.05 
00004556-008-TW-S-007-B1, -   
00004556-006-KI-S-001-B2, 0.01 
D121021-03, 0.52 
B86015-27, 0.21 
00004556-001-FL-W-006-B2, -   
00004556-006-KI-S-002-B2, 0.00 
B86038-02, 0.14 
B86018-17,
D62003-01, 0.18 
B15221-05, 1.00 
B145002-02, 1.09 
C113004-02-S, -   
R93046-01, 0.05 
D119005-03,
R141006-08, 0.01 
B86100-09, 0.00 
00004556-003-TW-W-004-B1, -   
D104009-01, 3.13 
P123009-01-C, 0.49 
B86019-20,
A65091-01,
00004556-007-KI-S-004-B2, 0.01 
R93037-06, 0.04 
B15213-07, 0.23 
00004556-003-FL-W-003-B1, -   
00004556-003-TW-W-003-B1, -   
0118316-007-U-W-004, -   
R141021-07, -   
00004556-002-CK-M-004-B3, -   
00004556-001-QU-W-003-B2, -   
T123002-02, 0.21 
00004556-008-TW-S-001-B2, -   
00004556-001-KI-W-001-B3, 0.01 
B121027-03, 0.16 
D119016-02, 0.04 
00004556-003-TW-M-004-B3, -   
B86017-04, 0.03 
R141014-07, 0.01 
B132001-01, 0.31 
R54015-02, 0.08 
00004556-001-FL-M-002-B2, -   
B86103-25, 0.00 
R93018-01, 0.03 
R93022-08, 0.04 
0118316-011-MD-S-006, 0.04 
B86100-08, 0.00 
B125004-01, 0.24 
D73001-01-M, 0.03 
00004556-003-QU-M-002-B3, -   
002560062-015-U-S-007, -   
R54029-02, 0.10 
P84044-01-C, 0.16 
R88034-05,
R120006-06, 0.04 
B86021-04, 0.07 
00004556-002-KI-W-006-B3, 0.01 
R120006-07, 0.03 
T56007-01, 0.22 
D90001-01, 0.16 
00004556-003-TW-M-002-B1, -   
R93037-05, 0.04 
00004556-003-QU-W-004-B3, 0.00 
D121005-02, 0.24 
00004556-004-FL-S-007-B1, -   
F148002-01-B1, 0.19 
00004556-005-CK-S-007-B2, -   
P58014-02-C, 0.40 
00004556-003-TW-W-006-B3, -   
B86103-13, 0.04 
R120027-03, 0.01 
B86007-10, 0.39 
B86002-26, 0.72 
P84072-02-C, 0.32 
B86010-33, 0.19 
00004556-007-CK-S-005-B1, -   
D086001-02, 0.26 
R93014-04, 0.01 
00004556-004-CK-S-006-B1, -   
00004556-006-TW-S-002-B1, -   
R93038-06, 0.05 
D120001-01, 1.57 
00004556-005-CK-S-001-B3, -   
D97001-01, 0.18 
00004556-009-FL-S-005-B1, -   
D84011-01, 0.37 
00004556-002-QU-W-002-B1, -   
0118316-014-U-M-004, 0.01 
R120053-10, 0.02 
00004556-005-TW-S-002-B3, -   
R88001-05, 0.07 
00004556-007-TW-S-007-B2, -   
R93003-03, 0.05 
D73002-01,
00004556-003-QU-W-005-B1, -   
B86003-01, 0.93 
D121007-04, 0.48 
R161016-07, 0.03 
B121013-01, 0.17 
B86007-06, 0.25 
00004556-003-KI-W-003-B1, -   
00004556-009-CK-S-002-B3, -   
R158001-14, 0.03 
B86003-06, 0.32 
A65034-01, -   
T58041-01, 0.26 
R93039-06, 0.04 
P126011-01-C, 0.74 
B121012-03,
B86013-07, 0.38 
R93039-07, 0.01 
B86016-32, 0.11 
D143007-03, 0.78 
D119014-01, 0.06 
D119005-01,
GC0001-01, 1.26 
aqoe-rustic-campmug, 0.71 
B100001-02, 0.69 
D10501-01,
D84008-01, 0.15 
B131002-01, 0.18 
D119006-01, 0.03 
A65061-01,
B86012-29, 0.41 
P20001-25, 8.88 
B86001-19, 0.06 
B86002-05, 0.62 
A65096-01, -   
D121003-04, 0.39 
B86008-01, 0.40 
B86003-31, 0.48 
B86011-16, 0.37 
T123001-02, 1.26 
B15221-04, 0.40 
B86003-26, 0.62 
R120051-04, 0.02 
A65000-11, -   
R120012-01, 1.13 
B121004-03, 0.01 
R88003-04,
0118316-015-U-M-007, 0.01 
R88018-08, 0.01 
B121027-02, 0.35 
00004556-005-TW-S-007-B3, -   
D116005-02, 0.13 
S83006-02,
B121017-04, 0.14 
R88022-05, 0.01 
R120028-04,
SWA-MG-001, 0.14 
B86015-09, 0.55 
R120042-08, 0.02 
B121005-02,
R00002-08, 0.02 
R93041-01, 0.07 
B15201-06, 0.01 
B86016-09, 0.07 
00004556-001-CK-M-005-B2, -   
00004556-002-CK-W-001-B1, 0.01 
D150003-02, 0.08 
F151001-01, 0.12 
00004556-009-CK-S-002-B2, -   
00004556-003-TW-W-005-B3, -   
00004556-005-CK-S-005-B2, -   
00004556-002-TW-M-007-B3, -   
00004556-008-KI-S-002-B2, -   
T12002-02, 0.10 
00004556-003-KI-W-005-B3, -   
R126002-02, 0.00 
R120040-06, 0.04 
R93010-02, 0.04 
00004556-005-CK-S-006-B3, -   
00004556-005-CK-S-004-B3, -   
00004556-009-QU-S-006-B1, 0.00 
R94001-01,
B86021-10,
00004556-001-KI-M-006-B1, -   
002560062-014-U-S-007, -   
D62006-01,
B86100-01, 0.00 
R54030-01, 0.02 
B86103-14, 0.01 
R120006-08, 0.01 
00004556-008-FL-S-006-B3, -   
R126005-01, 0.02 
P84069-01-C, 0.18 
F147003-01, 0.35 
R93019-05, 0.05 
SWA-REG-0001, 0.44 
00004556-003-TW-W-001-B2, -   
00004556-004-TW-S-001-B2, -   
A65000-19, 0.02 
C11002-01, 0.36 
00004556-003-KI-M-001-B3, 0.00 
00004556-001-CK-M-004-B1, -   
P126005-01-C, 0.07 
00004556-002-KI-W-007-B3, 0.01 
0118316-014-U-W-003, -   
B86103-10, 0.00 
R120030-05,
B121004-04, 0.02 
00004556-001-KI-W-001-B1, 0.01 
00004556-001-KI-W-005-B3, -   
00004556-002-KI-W-005-B2, 0.01 
B86015-08, 0.42 
R141005-06, 0.07 
00004556-003-KI-M-002-B1, -   
R120002-02, 0.02 
R120041-08,
00004556-003-TW-W-002-B1, -   
B86012-04, 0.35 
D104001-03, 0.35 
R120032-08,
00004556-008-FL-S-002-B3, -   
00004556-003-QU-W-004-B1, 0.00 
P84020-04-C, 0.50 
R120010-05,
P84019-02-C, 0.03 
00004556-008-QU-S-006-B1, -   
D119010-01, 0.16 
00004556-001-CK-W-007-B3, -   
P123006-04-C, 0.26 
00004556-008-CK-S-005-B2, -   
00004556-005-KI-S-002-B1, -   
R61007-03,
R84008-07, 0.01 
B15215-02, 0.15 
ODST-AC-DN-S1-A2-C0-RM-TK, 1.00 
R88017-06, 0.13 
B66009-03, 0.61 
D154005-01, 0.29 
R93010-07, 0.12 
R106001-01,
00004556-003-TW-M-006-B3, -   
P56068-02-C,
D120001-05, 1.79 
R93041-02, 0.01 
D143014-07, 0.21 
P84016-01-C, 0.22 
R88036-08, 0.04 
B15214-02, 0.01 
00004556-006-FL-S-007-B2, -   
00004556-003-QU-W-003-B2, -   
B86101-16,
00004556-003-KI-M-007-B2, -   
00004556-009-QU-S-007-B2, 0.01 
R88001-06, 0.01 
00004556-007-TW-S-007-B1, -   
00004556-003-KI-W-001-B1, 0.01 
00004556-009-QU-S-004-B3, 0.01 
D086001-06, 0.77 
B86010-17, 1.00 
00004556-003-TW-M-002-B3, -   
00004556-004-FL-S-005-B2, -   
D121021-01, 0.29 
P56037-02-C, 0.45 
T58046-01, 0.59 
0118316-010-U-W-008, 0.01 
00004556-008-TW-S-001-B3, -   
00004556-003-FL-W-006-B3, -   
B86019-33, 0.05 
R120022-06, 0.00 
00004556-005-FL-S-001-B3, -   
P84046-01-C, 0.57 
00004556-001-FL-W-002-B3, -   
R93010-03, 0.04 
B120008-01, 0.39 
B86019-17,
00004556-001-KI-W-007-B3, -   
P84069-02-C, 0.54 
R88014-03,
00004556-001-CK-W-006-B1, -   
B120009-01, 0.21 
00004556-002-KI-W-001-B1, 0.03 
R84008-03, 0.06 
D119003-01, 0.14 
B121020-03, 0.15 
R88017-07, 0.03 
00004556-003-TW-W-005-B1, -   
00004556-005-FL-S-007-B1, -   
TP13007-01-Q6, 0.22 
R126001-02,
R120019-01, 0.08 
P84010-01-C, 0.04 
01027841-014-FL-B-002, -   
00004556-008-KI-S-005-B2, -   
T139007-01, 0.28 
B86010-21,
B15204-05, 1.01 
00004556-009-CK-S-006-B2, -   
B86102-10,
B15214-07, 0.02 
R120018-03, 0.11 
00004556-005-KI-S-004-B2, 0.02 
D157001-01, 0.12 
00004556-006-TW-S-001-B1, -   
P54006-01-C, 0.18 
00004556-001-FL-W-006-B3, -   
R61007-04,
00004556-002-CK-M-003-B3, -   
R120015-07, 0.03 
B86103-19, 0.03 
00004556-009-QU-S-001-B2, 0.01 
00004556-002-FL-W-005-B1, 0.02 
D121016-05,
D73007-02, 0.01 
B131001-01, 0.19 
D140009-01, 0.11 
T56004-02, 0.31 
R141026-01, 0.11 
R88024-02, 0.04 
R141011-07, 0.05 
00004556-003-QU-W-003-B1, -   
00004556-009-QU-S-002-B2, -   
R93014-02, 0.01 
00004556-004-KI-S-006-B1, 0.01 
00004556-001-QU-M-001-B3, 0.01 
00004556-007-KI-S-006-B2, -   
R93019-03, 0.18 
00004556-009-QU-S-001-B1, 0.01 
P84045-03-C, 0.01 
D086002-01, 0.13 
00004556-009-KI-S-005-B3, -   
00004556-001-FL-W-006-B1, -   
R141020-02,
B86014-16, 0.36 
01027841-012-TW-W-001, -   
R88037-05, 0.02 
F97022-02, 0.10 
F97020-02,
B121021-05, 0.20 
D155001-03, 0.21 
B86014-06, 0.49 
00004556-006-TW-S-005-B2, -   
B86014-10, 0.32 
P56015-02-C,
R120003-06, 0.04 
00004556-008-QU-S-001-B3, -   
B117001-41, 0.15 
SWA-WD-0002, 0.24 
B121004-05, 0.01 
P68007-02-C, 0.03 
B15202-02, 0.14 
C97003-01, 0.13 
002560062-018-U-S-004, 0.01 
B144004-03, 0.28 
R88009-01,
00004556-009-KI-S-007-B3, -   
B15208-01, 0.27 
00004556-008-KI-S-001-B3, 0.01 
00004556-003-TW-M-007-B1, -   
00004556-006-TW-S-005-B3, -   
R126001-03,
D84018-01,
00004556-006-QU-S-002 - B2, -   
00004556-001-FL-M-002-B3, -   
F97020-01,
D90004-01, 0.23 
R88028-03,
00004556-001-QU-M-007-B1, -   
B86013-27, 0.39 
D78001-01, 0.21 
A65008-01, 0.02 
B121002-03, 0.38 
B86011-27, 0.36 
D116006-03, 0.12 
002560062-018-U-S-007, -   
B86001-07, 0.06 
B112003-01,
R120013-02, 0.04 
B86040-02, 0.34 
R93044-03,
D90000-01, 0.16 
B15214-05, 0.02 
R120030-04,
B15216-01, 0.58 
S104001-01, 0.33 
R93041-06, 0.02 
B144004-04, 0.23 
B86002-32, 0.51 
TP70002-01-Q4, 0.17 
R54013-02, 0.10 
00004556-009-KI-S-004-B3, 0.02 
P120018-01-C, 0.44 
00004556-003-CK-M-004-B3, -   
00004556-003-FL-W-007-B3, -   
B86011-29, 0.30 
P56076-01-C, 0.59 
B66001-03, 0.49 
B121001-04, 0.05 
D10027-01,
F137001-06, 0.23 
B116001-01, 0.28 
B86003-27, 1.03 
B86010-01, 0.28 
A65000-04, -   
B86011-31, 0.29 
B121008-02,
B15223-04, 0.17 
D121010-04, 0.46 
B132002-01, 0.26 
B121012-05, 0.12 
D121014-04, 0.83 
D121020-02, 0.99 
B86009-26, 0.52 
B86002-16, 1.34 
P120016-02-C, 0.43 
B132002-02, 0.41 
B86008-05, 0.50 
aqoe-rustic-spoon, 0.66 
R120043-06,
T58050-01, 0.25 
C79005-03, 0.13 
B121022-02, 1.00 
R84010-03,
D104003-01, 0.28 
T84010-02, 0.31 
S104004-01, 0.09 
0118316-006-U-S-007, 0.00 
B86014-01, 0.25 
B15208-08, 0.40 
R141003-07, 0.01 
B86021-07,
R120002-03, 0.02 
R120038-03, 0.02 
R54018-01, 0.07 
B86020-32,
R120043-05, 1.00 
R120025-04, 0.00 
P120001-05-C, 0.53 
00004556-003-FL-W-001-B3, -   
R88029-02, 0.02 
P58009-01-C, 0.31 
R93033-05, 0.03 
B86010-05, 0.31 
P156002-02-C, 0.22 
00004556-001-TW-M-001-B3, -   
00004556-001-TW-M-001-B2, -   
00004556-004-CK-S-001-B2, -   
P56071-02-C, 0.05 
B121009-01,
00004556-002-QU-W-004-B1, 0.02 
00004556-009-TW-S-004-B3, -   
D84018-03, 0.10 
R120031-05,
B86015-30, 0.65 
R88019-02, 1.00 
R93040-08, 0.00 
00004556-007-KI-S-001-B2, -   
00004556-001-CK-M-005-B3, -   
00004556-007-TW-S-002-B3, -   
R171017-03, 0.05 
R141019-08, 0.00 
R61009-05, 0.04 
R88022-01, 0.14 
R120049-08, 0.02 
00004556-001-FL-W-001-B1, -   
B86001-20,
P120010-05-C, 1.68 
B86009-24, 0.09 
R88010-04,
P84056-03-C, 0.51 
B86010-02, 0.05 
D10026-03,
00004556-007-QU-S-007-B3, 0.01 
SWA-LIB-0004, 0.27 
P81010-01-C, 1.00 
R141014-01, 0.02 
R120023-03,
R61015-02, 0.02 
P56057-02-C, 0.02 
B86002-22,
B121010-04,
002560062-014-U-S-005, -   
UWWBASKTRLNATOS, -   
B86017-20,
00004556-001-CK-M-007-B3, -   
00004556-002-QU-W-001-B1, 0.01 
00004556-002-TW-W-001-B2, -   
B86103-16,
00004556-001-KI-W-002-B3, -   
T58038-01, 0.68 
R141017-08, 0.08 
002560062-017-U-S-005, 0.01 
PM1001-20,
B86007-30, 0.47 
00004556-004-CK-S-007-B1, -   
B86103-07, 0.01 
R120046-08, 0.03 
SWA-MG-002, 0.16 
00004556-005-TW-S-007-B1, -   
D121020-05,
B121005-04, 0.25 
B86019-30, 0.09 
00004556-009-FL-S-001-B1, -   
D121012-02,
00004556-002-FL-M-001-B3, 0.00 
B121021-01, 0.16 
00004556-001-CK-W-004-B2, -   
B86027-02, 0.03 
00004556-003-FL-M-003-B2, -   
00004556-002-QU-M-003-B2, -   
D141001-08, 0.02 
R00002-09, 0.56 
R93035-08, 0.02 
B84004-03, 0.79 
B121005-03,
R121002-08, 0.00 
P56075-01-C, 0.12 
SWA-CRY-005, 0.52 
D140005-03,
00004556-004-QU-S-005-B1, -   
F97022-01, 0.12 
B86015-02, 0.14 
T139002-01, 0.47 
00004556-003-KI-W-007-B2, 0.00 
00004556-006-CK-S-004-B1, 0.01 
00004556-008-KI-S-005-B1, -   
R120025-01,
00004556-002-CK-W-006-B2, 0.00 
00004556-003-CK-M-005-B3, -   
00004556-004-CK-S-005-B1, -   
D119014-02, 0.08 
00004556-008-CK-S-005-B3, -   
P56057-03-C,
P84021-05-C, 0.04 
P84070-05-C, 0.52 
R93019-01, 0.05 
R120027-04, 0.02 
P61001-02-C, 0.18 
R94001-04,
00004556-002-QU-M-002-B3, -   
00004556-008-CK-S-007-B1, -   
D10026-02,
R93024-05, 0.01 
R120016-08, 0.02 
00004556-001-KI-M-001-B3, 0.02 
R61007-05,
00004556-005-KI-S-002-B2, -   
00004556-003-CK-W-006-B3, -   
00004556-009-CK-S-004-B1, 0.00 
R120021-03,
P141002-01-C,
R106003-01,
R88017-02, 0.18 
SWA-JB-004, 0.76 
00004556-002-KI-M-005-B1, 0.01 
B86013-24,
002560062-015-U-S-005, 0.01 
B15219-03, 0.05 
P120010-03-C, 0.72 
R88026-04, 0.01 
0118316-008-U-W-005, 0.00 
R93044-06, 0.02 
D124001-03-Q2,
00004556-008-CK-S-002-B1, -   
00004556-005-KI-S-006-B3, 0.00 
R126008-04,
T58047-01, 0.10 
D90003-01-K, 0.23 
00004556-003-QU-W-006-B3, -   
00004556-001-FL-W-003-B2, -   
00004556-005-KI-S-004-B3, 0.02 
B86015-06, 0.61 
00004556-006-CK-S-001-B2, -   
00004556-001-FL-M-007-B2, -   
T84011-02, 0.41 
00004556-006-KI-S-004-B2, 0.01 
R151015-06, 0.11 
R93037-01, 0.07 
00004556-001-QU-M-006-B3, -   
P056075-01-C, 0.34 
B86020-29, 0.00 
B15206-03, 0.49 
00004556-002-KI-W-004-B1, 0.03 
00004556-006-QU-S-002 - B3, -   
R120014-01,
00004556-007-FL-S-007-B2, -   
01027841-012-FL-B-001, 0.01 
00004556-007-TW-S-005-B3, -   
R88015-02,
R88002-01, 0.02 
D143002-01, 0.50 
B15210-03, 0.11 
B86019-18, 1.00 
R61014-02, 0.01 
R141025-01, 0.09 
C11001-01, 0.34 
002560062-016-U-S-004, 0.00 
D115011-01, 0.13 
D103001-03, 0.37 
R93036-08, -   
D121003-01, 0.20 
P84065-01-C, 0.04 
002560062-014-U-S-004, 0.01 
B13402-01, 0.16 
R61012-01, 0.03 
01027841-012-QU-B-000, 0.01 
R88035-04,
R88034-02,
R88030-03, 0.01 
R61010-04, 0.03 
R88025-06,
00004556-003-FL-W-002-B1, -   
R141017-05, -   
00004556-005-QU-S-002-B1, -   
B86103-24, 0.01 
P120015-04-C, 0.34 
00004556-002-CK-W-001-B2, 0.01 
B15207-06, 0.24 
R126006-01, 0.01 
B125003-02, 0.25 
00004556-002-TW-M-001-B2, 0.00 
B86024-01, 0.06 
B15214-03, 0.00 
R93028-02, 0.00 
R120045-05, 0.06 
D121011-03, 0.04 
0118316-008-U-W-006, -   
R120046-06, 0.08 
R93045-01, 0.01 
R93019-02, 0.06 
00004556-007-CK-S-004-B1, 0.00 
00004556-002-FL-W-005-B3, 0.02 
R93013-07, 0.01 
00004556-005-CK-S-005-B3, -   
R120019-05, 0.04 
D142001-03,
D70001-03,
D086002-02, 0.34 
R93004-03, 0.05 
B66010-01-NY,
B86003-10, 0.31 
B86104-01, 0.27 
00004556-002-KI-M-002-B1, 0.01 
R88005-07, 0.00 
00004556-001-TW-M-003-B3, -   
D121018-02, 1.30 
B60002-02,
B86012-18, 0.12 
00004556-002-CK-M-002-B3, -   
00004556-002-QU-W-005-B3, -   
A65021-01, -   
P120002-05-C, 0.56 
R158001-02, 0.01 
0118316-014-U-M-005, 0.00 
D115005-03,
B120006-01, 0.31 
B86009-31, 0.33 
00004556-006-QU-S-006- B3, -   
00004556-008-KI-S-001-B1, 0.01 
R84002-04,
R120038-01, 0.01 
P56044-02-C,
B86017-33,
B86011-08, 0.39 
00004556-001-FL-W-003-B1, -   
00004556-008-TW-S-006-B3, -   
F97015-01,
B15211-06, 0.13 
00004556-002-KI-W-005-B1, 0.01 
B15213-02, 0.09 
B86011-05, 0.22 
D104010-03, 1.02 
B132003-02, 0.24 
R120051-05, 0.03 
R120053-01, 0.08 
TAPTST9ANT, 0.55 
R141017-09, 0.04 
B15205-08, 0.08 
P123010-01-C, 0.17 
D121006-02,
B86008-29, 0.33 
D121007-02, 1.33 
B15209-05, 0.43 
R120051-02, 0.10 
00004556-002-CK-M-002-B2, -   
D121002-01,
D104009-02, 2.08 
B86002-06, 0.40 
B86012-10, 0.43 
D119015-02, 0.06 
B15201-07, 0.01 
D104011-03, 0.87 
B66007-01,
P20001-36, 9.29 
R54015-01, 0.15 
A65040-01, -   
A65100-01, -   
A65036-01, 0.01 
B86008-30, 0.95 
B86008-09, 0.51 
B86013-31, 0.23 
C97004-01, 0.08 
D120009-01, 0.37 
B121018-03, 0.28 
R92001-03,
SWA-REG-0002, 0.38 
B86017-08, 0.02 
B86022-08,
0118316-005-U-S-004, 0.04 
B121025-04, 0.44 
R114003-02, 0.00 
R141019-07, 0.01 
R88009-02,
00004556-001-QU-M-002-B3, -   
D141001-10, 0.05 
00004556-003-CK-M-002-B2, -   
00004556-009-CK-S-005-B2, -   
B86100-05, 0.00 
R84008-06, 0.04 
D74006-01,
B86001-05, 0.09 
T58045-01, 0.09 
D84004-01-Q3,
B86023-08,
00004556-007-FL-S-002-B2, -   
00004556-003-TW-W-004-B2, -   
R88001-04, 0.01 
R88026-03,
R88021-04, 0.03 
00004556-002-KI-W-001-B2, 0.03 
P84026-01-C,
00004556-002-FL-W-007-B3, -   
P120003-02-C, 0.59 
00004556-004-QU-S-007-B1, -   
B86014-09, 0.52 
F147005-01, 0.33 
F184006-02, 0.13 
TP13008-01-Q6, 0.12 
B15207-08, 0.56 
R120010-03, 0.02 
B117001-27, 0.88 
R120027-01, 0.03 
R120042-07, 0.05 
R120034-05,
B86103-05, 0.01 
0118316-007-U-W-006, 0.00 
00004556-004-TW-S-006-B1, -   
R93042-06, 0.02 
00004556-007-QU-S-006-B3, -   
T58031-01, 0.22 
B86013-22,
B86022-10, 0.09 
00004556-003-KI-W-005-B2, -   
B86020-06, 0.02 
00004556-003-CK-W-007-B1, -   
D121004-02, 1.00 
D143011-03, 0.51 
D155001-01, 0.16 
D121011-01, 0.04 
P56037-03-C, 0.22 
P141004-02-C, 0.06 
00004556-003-FL-W-006-B2, -   
B86021-01,
00004556-001-CK-W-001-B1, -   
P56060-01-C, 0.49 
R106004-05,
R120044-07, 0.02 
R88011-01, 0.02 
00004556-003-FL-M-006-B3, -   
B86034-02, 0.04 
B121025-06, 0.29 
R120017-04,
R84001-03,
R88018-02, 0.07 
00004556-003-KI-M-004-B3, -   
00004556-001-KI-W-007-B1, -   
00004556-003-QU-W-002-B3, -   
00004556-005-FL-S-004-B2, 0.00 
D74007-01,
R88028-05, 0.10 
D119001-02, 0.10 
R141018-05, 0.01 
00004556-003-QU-M-003-B3, -   
R93028-03, 0.01 
R61007-07,
00004556-001-FL-M-001-B1, -   
P56035-02-C, 0.24 
R88003-03, 0.04 
00004556-007-QU-S-005-B2, -   
00004556-003-QU-M-006-B1, -   
R88013-01, 0.01 
R120036-03, 0.06 
B86015-32, 0.32 
D150003-01, 0.08 
P156002-01-C, 0.47 
D140007-01, 1.00 
00004556-002-TW-W-006-B2, -   
C79006-02, 0.42 
B121022-04,
R171017-02, 0.10 
P123007-01-C, 0.19 
00004556-008-QU-S-001-B1, -   
B86003-18, 0.16 
D83002-02, 0.02 
B86103-01,
R120011-05, 0.01 
R88009-04, 0.02 
R93029-08, 0.01 
D84016-02, 0.35 
00004556-001-KI-M-007-B3, 0.00 
B86019-10, 0.16 
R120009-03, 0.01 
R126002-04, 0.00 
00004556-002-QU-W-006-B1, -   
B121010-03, 0.03 
R94001-03,
00004556-004-FL-S-006-B1, -   
T58052-03, 0.13 
00004556-001-QU-M-004-B1, 0.00 
00004556-005-TW-S-006-B1, -   
00004556-008-CK-S-002-B3, -   
R120049-02, 0.06 
B86018-30, 0.10 
P84072-01-C, 0.74 
0118316-010-U-W-005, 0.01 
00004556-005-CK-S-004-B1, -   
T67002-01, 1.00 
B86010-26, 0.61 
R141012-07, 0.06 
00004556-008-CK-S-006-B2, -   
B121024-03, 0.20 
A65060-01,
B86013-17,
R88005-04, 0.01 
0118316-014-U-M-006, 0.01 
00004556-007-CK-S-007-B3, 0.00 
00004556-005-KI-S-007-B3, -   
R158001-17, 0.04 
00004556-006-TW-S-001-B2, -   
00004556-006-FL-S-001-B1, -   
00004556-003-KI-W-002-B3, -   
0118316-009-U-W-006, -   
R88031-05, 0.01 
R88010-03, 0.01 
D74006-02,
R93031-08, 0.00 
B86100-18, 0.02 
00004556-003-QU-M-005-B2, 0.01 
R120046-05, 0.01 
00004556-003-CK-M-001-B2, -   
00004556-003-TW-W-002-B2, -   
00004556-008-TW-S-001-B1, -   
00004556-003-FL-M-003-B3, -   
R120048-05, 0.05 
R141030-05, 0.06 
B15201-08, 0.01 
B121026-12, 0.14 
F147004-01, 0.20 
R88035-01,
B86002-17,
B15208-02, 0.26 
002560062-016-U-S-005, 0.01 
R141008-06, 0.01 
R88005-06, 0.01 
R88035-03,
00004556-008-TW-S-004-B2, -   
00004556-009-CK-S-001-B3, -   
P84050-01-C, 1.00 
D119004-02, 0.07 
B121006-01,
P97001-04-C, 0.07 
R84011-03,
D154002-01, 0.14 
00004556-003-CK-M-003-B2, -   
00004556-003-CK-W-003-B1, -   
00004556-003-FL-W-002-B2, -   
00004556-008-TW-S-005-B3, -   
01027841-014-FL-W-002, -   
00004556-003-KI-M-007-B3, -   
B15205-05, 0.11 
00004556-009-CK-S-007-B3, -   
R93013-03,
D129003-02, 0.19 
0118316-015-U-M-005, 0.00 
P141002-02-C, 1.50 
R94001-07,
00004556-001-QU-W-005-B1, -   
00004556-003-FL-W-004-B3, -   
P84037-04-C,
R88034-01,
00004556-001-CK-M-003-B3, -   
00004556-002-QU-W-006-B2, -   
00004556-007-QU-S-007-B2, 0.01 
D120001-03, 1.15 
B121018-04, 0.14 
T58051-01, 0.11 
00004556-004-KI-S-007-B1, 0.00 
B86016-18, 0.05 
D124002-01-Q2,
D84016-01, 0.16 
D84007-01, 0.06 
R88005-05, 0.02 
00004556-009-KI-S-005-B2, -   
R120010-04,
R93013-05, 0.04 
B121025-05, 0.42 
B86020-05, 0.06 
00004556-002-KI-W-006-B2, 0.01 
00004556-009-CK-S-006-B3, -   
B86020-02, 0.03 
B86023-05, 0.03 
R88033-04, 0.01 
00004556-009-KI-S-001-B2, 0.01 
B121005-05, 0.06 
R120005-02, 0.07 
00004556-006-KI-S-002-B1, 0.00 
00004556-001-CK-W-005-B1, -   
D142001-01,
00004556-001-QU-W-004-B1, -   
00004556-001-KI-M-005-B2, -   
R88021-03, 0.03 
F97019-01, 0.03 
P56030-02-C, 0.06 
R93012-02, 0.08 
B15202-06, 0.19 
D84009-01-Q6,
00004556-002-KI-M-006-B2, 0.02 
C83012-01, 0.03 
D115001-01, 0.05 
P120019-01-C, 0.80 
P120001-06-C, 0.45 
D125007-01,
00004556-003-FL-M-007-B1, -   
B121024-07, 0.11 
B121020-05, 0.16 
B121021-02, 0.18 
P84048-01-C, 1.00 
P112002-01-C,
00004556-007-KI-S-004-B1, 0.01 
B117001-19, 0.60 
R93016-10, 0.04 
A65000-16, 0.02 
B131002-02, 0.15 
B86009-29, 0.20 
P84070-03-C, 0.24 
00004556-001-CK-M-004-B2, -   
D125004-01,
R88038-09, 0.00 
P84053-01-C, 0.07 
R93042-01, 0.06 
D120002-04, 1.21 
00004556-009-FL-S-001-B2, -   
B121025-03, 0.40 
00004556-005-QU-S-007-B3, -   
R120040-08, 0.01 
D093002-01, 0.77 
B86024-03, 0.08 
D119017-01, 0.01 
00004556-009-KI-S-001-B1, 0.01 
00004556-006-FL-S-007-B3, -   
B86007-05, 0.51 
D121010-03, 1.23 
00004556-004-KI-S-005-B1, 0.01 
00004556-008-CK-S-005-B1, -   
D121020-01, 0.54 
S104001-02, 0.30 
B86002-33, 0.22 
D115005-02,
B86009-16, 0.30 
P81013-01-C, 0.32 
C79002-02, 0.18 
01027841-012-FL-B-000, 0.00 
B117001-36, 0.45 
B86013-02, 0.09 
B86030-01, 0.17 
00004556-005-FL-S-001-B1, -   
R141010-03, 0.14 
R158001-05, 0.03 
A65022-01, -   
00004556-003-FL-M-007-B3, -   
B86003-07, 0.56 
B86008-06, 0.28 
D135001-01, 0.04 
D121004-04, 0.46 
B60009-02, 0.25 
D84010-01,
B86011-21,
D121001-03, 0.74 
D62001-02, 0.13 
B15212-05, 0.27 
D121019-01, 0.68 
B121011-05, 0.01 
B15224-05, 0.43 
B131001-03, 0.08 
B84001-01, 0.68 
D84022-02, 0.03 
R141008-05, 0.01 
R61007-08,
R171017-07, 0.04 
B86019-02, 0.13 
R126008-03,
ODAS-AC-SCT-CC-TK, 2.00 
D120001-04, 1.41 
R106001-04,
00004556-008-QU-S-005-B3, -   
00004556-005-FL-S-002-B3, -   
R93017-07,
R141002-06, 0.05 
D140030-01, 0.33 
B86001-09, 0.05 
00004556-002-CK-W-002-B2, 0.01 
D140021-01, 0.30 
T58054-01, 0.46 
R141020-03, -   
B86016-31, 0.08 
D154004-02, 0.06 
T58013-04, 0.83 
R93042-04, 0.03 
B86014-04, 0.45 
B121025-01, 0.28 
B86103-09, 0.00 
B121024-02, 0.17 
B86014-07, 0.54 
00004556-002-CK-W-003-B1, -   
00004556-003-CK-M-002-B3, -   
00004556-003-KI-W-006-B2, 0.01 
00004556-001-TW-W-003-B2, -   
R120024-02,
R158001-13, -   
0118316-014-U-W-004, 0.01 
00004556-007-FL-S-001-B1, -   
P56047-01-C, 0.46 
00004556-008-KI-S-004-B3, 0.01 
B86020-16, 0.03 
00004556-009-QU-S-004-B2, 0.01 
B132001-04, 0.26 
R120028-03,
00004556-007-KI-S-007-B3, 0.01 
00004556-006-CK-S-002-B2, 0.00 
B86022-09, 1.00 
00004556-003-QU-W-007-B1, 0.00 
D086001-01, 0.24 
0118316-014-U-W-006, 0.01 
D140019-01, 1.00 
P84054-05-C, 0.65 
D62018-02, 1.25 
R84011-01, 0.00 
R171017-05, 0.02 
B121014-01, 0.16 
00004556-005-CK-S-004-B2, -   
00004556-001-CK-M-003-B1, -   
00004556-003-QU-M-003-B2, -   
B83001-04, 0.15 
00004556-008-KI-S-004-B1, 0.01 
D121017-01, 0.60 
B100001-01, 0.85 
R93004-01, 0.02 
00004556-009-CK-S-004-B2, 0.00 
B86102-17,
B84004-02, 1.17 
R161016-05, 0.03 
00004556-004-KI-S-004-B2, 0.01 
D84003-01-Q6,
00004556-002-TW-M-003-B3, -   
R88022-02, 0.01 
D104002-01, 0.36 
B121016-03, 0.28 
00004556-002-FL-W-001-B2, 0.01 
aqoe-rustic-vase, 0.17 
B86021-08,
R133003-02, 0.01 
R120046-07, 0.05 
00004556-002-TW-W-002-B1, -   
00004556-002-KI-M-007-B2, 0.01 
00004556-005-FL-S-005-B1, -   
P56030-01-C, 0.04 
00004556-002-QU-M-003-B3, -   
T58029-01, 0.14 
01027841-014-KI-A-002, 0.01 
00004556-002-CK-W-007-B3, -   
01027841-012-TW-B-000, 0.01 
D86004-03, 1.00 
R114002-03,
B86014-08, 0.27 
D86001-08, 0.27 
R88011-04, 0.01 
B125004-02, 0.17 
R141010-02, 0.16 
00004556-001-CK-M-006-B2, -   
C84004-01-B,
F137001-01, 0.16 
0118316-015-U-W-004, 0.02 
T58039-01, 0.37 
00004556-001-QU-M-007-B2, -   
B86003-22,
P141005-01-C,
00004556-004-QU-S-006-B1, -   
P58006-02-C, 1.00 
B86103-20,
B121014-02, 0.13 
00004556-001-KI-M-003-B3, -   
00004556-002-FL-M-003-B3, -   
01027841-012-TW-B-001, -   
R88003-02,
P84021-01-C, 0.06 
R88034-03,
B120005-02, 0.48 
R120038-07, 0.06 
B86017-02, 0.03 
00004556-003-QU-W-002-B2, -   
R120048-02, 0.02 
R141010-09, 0.10 
P81008-03-C, 0.26 
00004556-009-FL-S-006-B2, -   
00004556-007-QU-S-002-B1, -   
R88014-05,
R120040-05, 0.04 
0118316-006-U-S-006, 0.01 
B121002-02,
B120003-01, 0.31 
T58051-02, 0.33 
B15212-04, 0.17 
P120006-01-C, 0.46 
B121003-05, -   
R93030-05,
B86018-32,
00004556-001-QU-W-007-B2, -   
00004556-003-CK-W-005-B2, -   
R120022-07, 0.00 
P56017-04-C, 0.31 
A65000-03, -   
P56055-02-C,
R120003-03, 0.02 
00004556-004-FL-S-004-B2, -   
00004556-007-QU-S-006-B1, -   
00004556-005-QU-S-004-B3, 0.01 
R88002-06,
R141011-06, 0.03 
00004556-007-TW-S-001-B1, -   
SWA-CRY-002, 0.56 
R54003-01,
R93040-01, 0.11 
C97005-01, 0.18 
00004556-006-KI-S-001-B3, 0.01 
R88026-05, 0.00 
00004556-005-QU-S-005-B1, -   
00004556-008-TW-S-007-B2, -   
B15205-01, 0.15 
B15212-01, 0.19 
00004556-006-FL-S-007-B1, -   
B121026-13, 0.10 
P84043-04-C, 0.28 
P81008-01-C, 0.62 
D84008-05-Q6, 0.11 
P84012-04-C, 0.13 
R120027-02, 0.01 
B15206-04, 0.65 
R141025-05, 0.08 
B121024-05, 0.14 
R120005-08, 0.00 
00004556-001-KI-M-002-B3, -   
B86102-01,
D143004-01, 0.36 
00004556-003-KI-W-001-B3, 0.01 
B86014-18, 0.16 
P123001-03-C, 0.50 
00004556-002-KI-M-005-B2, 0.01 
D119016-01, 0.07 
00004556-002-FL-W-004-B1, -   
R93035-07, 0.02 
R120022-03,
B86021-19,
R93042-08, 0.01 
00004556-007-FL-S-002-B1, -   
D119007-03, 0.13 
00004556-008-TW-S-002-B2, -   
P56056-02-C, 0.02 
00004556-006-FL-S-006-B2, -   
B86009-07, 0.32 
B15202-01, 0.16 
P120002-04-C, 1.12 
00004556-003-KI-W-002-B1, -   
00004556-002-QU-W-002-B3, -   
B15212-03, 0.08 
00004556-001-QU-M-001-B2, 0.01 
R141009-05, 0.02 
P56045-01-C,
00004556-002-QU-W-004-B2, 0.02 
B86010-29, 0.27 
R88018-01, 0.13 
R93015-03,
P81002-01-C,
00004556-003-QU-M-002-B1, -   
TAPTST9BLS, 0.14 
B86102-07,
B120007-02, 0.79 
P20001-35, 1.54 
D123002-01, 0.02 
B86001-10, 0.05 
ODST-OT-DN-S0-A0-C1-RM-TK,
00004556-002-TW-W-005-B1, -   
R93003-01, 0.07 
ODAS-AC-DN-RM-TK, 2.00 
B132003-01, 0.16 
R120029-03, 0.01 
P84011-02-C, 0.17 
D84008-02-Q6, 0.02 
R141030-06, 0.04 
R120001-07,
C116001-02, 0.21 
00004556-008-QU-S-002-B2, 0.00 
B86010-32, 0.15 
00004556-001-TW-M-003-B2, -   
00004556-003-QU-M-006-B2, -   
00004556-006-CK-S-002-B1, 0.00 
B15219-02, 0.70 
P54010-01-C, 0.50 
B86017-22,
R120018-04,
F97010-02, 0.02 
P56036-01-C, 0.52 
R92001-01,
B86011-04, 0.18 
P56062-02-C, 0.14 
R141026-06, 0.05 
00004556-002-KI-M-003-B2, 0.00 
P56071-01-C, 0.12 
C97002-01, 0.13 
F97011-01, 0.07 
R120053-03, 0.02 
00004556-009-FL-S-007-B1, -   
00004556-001-FL-W-002-B1, -   
R93017-01,
B66004-02, 1.02 
R120011-07,
R141001-05, 0.01 
R141011-01, 0.01 
R61012-02, 0.02 
R141014-02, 0.09 
B86019-06, 0.13 
B145001-01, 1.62 
00004556-003-KI-M-005-B3, -   
B15222-05, 0.42 
0118316-011-SM-S-006, 0.06 
R93039-05, 0.02 
B86013-30, 0.40 
00004556-003-CK-M-006-B3, 0.00 
P84057-02-C, 0.17 
00004556-002-KI-M-004-B3, 0.01 
00004556-001-TW-M-004-B3, -   
B145002-01, 1.08 
B86003-02, 0.24 
D62013-02, 0.22 
R00002-12, 0.56 
P56017-01-C, 0.31 
B121011-02, 0.07 
R93031-07, 0.02 
F97011-03, 0.01 
B144003-03, 0.14 
D121021-02, 2.00 
00004556-009-TW-S-001-B1, -   
R93038-05, 0.19 
B15209-03, 0.27 
D121020-04, 0.26 
D84020-02, 0.45 
D121015-01, 0.57 
B15210-01, 0.29 
B86002-08, 0.63 
B66002-01, 1.54 
D121019-02, 1.29 
D70002-01-S, 0.09 
B15210-08, 0.27 
B86007-04, 0.31 
C10001-02-C,
D70002-02-P, 0.15 
A65056-01, -   
B86009-06, 0.19 
B86002-07, 0.48 
B86003-32, 0.53 
B121003-03,
B86008-31, 0.33 
B15224-04, 0.43 
B86034-03, 0.08 
R120012-06, 1.00 
D115008-01, 0.13 
D86006-03,
P56039-01-C, 0.09 
R120045-08, 0.05 
R133002-01, 0.01 
00004556-001-TW-M-007-B1, -   
P120003-05-C, 0.62 
B86100-24, 0.01 
R120047-05, 0.01 
B86101-01,
B15205-04, 0.07 
00004556-001-KI-M-004-B2, 0.01 
D143014-01, 0.37 
R93028-01, 0.01 
R120040-01, 0.07 
B15202-05, 0.18 
01027841-015-U-B-001, 0.03 
B15207-04, 0.24 
P84070-04-C, 0.49 
00004556-005-FL-S-004-B3, 0.00 
P141006-01-C, 1.00 
00004556-008-FL-S-001-B1, -   
0118316-010-U-W-009, 0.01 
P84044-02-C, 0.01 
B86018-04, 0.10 
B86008-22,
B86103-17, 0.01 
B86019-24,
R54008-01, 0.03 
R120018-06,
0118316-014-U-W-005, -   
D154003-02, 0.10 
R93019-04, 0.12 
R93044-02, 0.01 
R120033-07,
B15206-06, 0.82 
R141001-07, 0.03 
B83001-06, 0.09 
B86103-22, 0.00 
00004556-002-TW-W-001-B1, -   
00004556-002-QU-M-002-B1, -   
D83001-02, 0.05 
00004556-006-CK-S-005-B2, 0.00 
R141013-03, 0.01 
P68006-01-C, 0.20 
R120033-05,
00004556-003-TW-M-006-B1, -   
B121024-08, 0.10 
00004556-002-QU-W-005-B1, -   
T139008-01, 0.26 
R61007-02, 0.06 
R120033-06,
D115006-03, 0.07 
B86018-08, 0.15 
00004556-008-TW-S-005-B2, -   
00004556-001-FL-M-006-B1, -   
00004556-002-KI-M-001-B3, 0.07 
00004556-002-CK-W-003-B2, -   
R88021-02, 0.02 
00004556-005-QU-S-002-B3, -   
D115006-01, 0.13 
D115005-01, 0.03 
D143012-03, 0.43 
00004556-007-KI-S-005-B3, -   
R120023-02,
00004556-003-FL-W-001-B1, -   
00004556-004-QU-S-007-B2, -   
R88023-01, 0.01 
R88031-04, 0.02 
D84012-01-Q8, 0.18 
00004556-009-TW-S-001-B2, -   
D129008-01, 0.75 
R121001-04, 0.04 
00004556-003-TW-W-006-B2, -   
B86014-31, 0.43 
00004556-001-CK-W-005-B2, -   
00004556-007-QU-S-001-B1, 0.00 
R93037-08, 0.02 
C10022-01,
00004556-005-KI-S-005-B1, -   
SWA-WD-0006, 0.24 
00004556-003-KI-W-007-B3, 0.00 
R88011-05, 0.01 
B86017-24,
00004556-001-TW-W-007-B3, -   
0118316-011-LG-S-006, 0.03 
R88038-06,
00004556-001-TW-W-006-B2, -   
01027841-012-KI-A-001, 0.01 
F148001-K, 0.09 
0118316-011-LG-S-005, 0.02 
D11101-01,
B131002-03, 0.16 
R120015-08, 0.02 
00004556-002-FL-W-003-B2, -   
B86021-05,
P84021-04-C, 0.02 
0118316-005-U-S-005, 0.01 
ODAS-AC-DN-SA-TK,
R141009-01, 0.02 
00004556-008-FL-S-004-B2, 0.00 
00004556-002-KI-W-001-B3, 0.03 
00004556-002-CK-M-007-B2, 0.01 
B117001-29, 0.73 
00004556-003-CK-M-004-B1, -   
00004556-002-CK-M-006-B1, 0.00 
B86008-19, 0.23 
R93046-06, 0.08 
B86031-03, 0.12 
R120003-07,
R93004-02, 0.03 
00004556-006-CK-S-007-B3, -   
R88002-04, 0.04 
R141010-04, 0.17 
0118316-015-U-W-007, 0.00 
C97009-01, 0.07 
00004556-004-QU-S-005-B2, -   
00004556-002-KI-M-001-B2, 0.07 
R120002-07, 0.00 
D86005-01,
F137002-01, 0.20 
00004556-001-FL-M-003-B1, -   
00004556-006-KI-S-004-B1, 0.01 
R54025-03,
A65103-01, -   
R54009-02,
R88037-08, 0.02 
00004556-002-TW-W-002-B2, -   
00004556-003-FL-M-006-B2, -   
R93016-07, 0.10 
D74008-01,
00004556-004-CK-S-001-B1, -   
D129003-01-F, 0.02 
R93038-08, 0.20 
00004556-008-QU-S-005-B1, -   
R120045-07, 0.17 
B86007-19, 0.27 
C10020-01, 0.01 
A65102-01, -   
D104007-01, 2.89 
D129001-01, 0.37 
B86009-01, 0.25 
00004556-005-QU-S-004-B2, 0.01 
B120001-02, 0.64 
B86014-19, 0.40 
R61018-01, 0.01 
P84039-01-C, 1.00 
00004556-009-QU-S-005-B3, -   
D73016-01, 0.01 
R93030-07,
R93043-02, 0.03 
P84043-01-C, 0.19 
00004556-003-TW-W-001-B1, -   
00004556-001-QU-M-002-B1, -   
00004556-004-QU-S-001-B1, 0.01 
D73011-02,
R93012-06, 0.13 
R120029-05, 0.03 
00004556-004-CK-S-002-B2, -   
R88023-02, 0.01 
D124001-02-Q2,
D141001-05, 0.04 
ODST-AC-DN-S1-A2-C0-SA-TK,
B66005-01, 1.10 
R120013-01,
00004556-001-CK-W-006-B2, -   
00004556-004-FL-S-002-B2, -   
B117001-10, 0.62 
F97010-01, 0.05 
R120009-04, 0.01 
00004556-003-KI-M-003-B3, -   
00004556-007-TW-S-007-B3, -   
P84049-01-C, 1.00 
00004556-008-QU-S-006-B3, -   
B15214-01, 0.03 
00004556-008-KI-S-006-B3, -   
B120001-01, 0.39 
B86017-32,
B121026-11, 0.17 
B86101-07,
ODST-SF-DN-S3-A2-C0-SA-TK, 1.00 
B121019-05, 0.16 
D73003-01, 0.08 
00004556-002-QU-W-003-B3, -   
R93006-02, 0.18 
R120021-01,
P84070-01-C, 0.43 
00004556-001-FL-M-001-B2, -   
F97018-01,
R88037-03, 0.04 
D121016-01, 0.60 
B15210-04, 0.32 
D121009-01, 0.94 
00004556-002-CK-M-005-B1, 0.00 
00004556-001-QU-W-005-B2, -   
B121003-04,
P126007-02-C, 0.25 
D119008-01, 0.13 
A65038-01, -   
01027841-014-QU-A-002, -   
B86016-07, 0.09 
B86011-10, 0.21 
00004556-002-FL-M-004-B1, -   
01027841-012-KI-B-000, 0.04 
R120045-06, 0.18 
P84022-02-C,
R88014-01, 0.07 
B132001-03, 0.41 
R94001-06,
00004556-009-QU-S-006-B3, 0.00 
C83011-01, 0.06 
D84005-01-Q3,
00004556-007-CK-S-005-B2, -   
D129002-01-S, 0.03 
P84054-04-C, 0.64 
D124001-01-K,
R84008-05, 0.09 
B117001-05, 0.50 
P120012-02-C, 0.29 
R120052-04, 0.10 
R161016-01, 1.00 
B86001-08, 0.08 
R141025-07, 0.03 
00004556-007-FL-S-006-B2, -   
R158002-01, 0.03 
B120009-02, 0.28 
R93038-01, 0.09 
B15209-07, 0.26 
00004556-001-CK-M-001-B3, 0.00 
B86008-18, 0.07 
B86013-26, 0.70 
D78002-02, 0.20 
F137001-04, 0.10 
D121009-02, 2.78 
A65104-01, -   
D62021-02, 0.08 
D119017-02, 0.01 
R88038-02, 0.01 
B86011-06, 0.29 
D121017-04, 0.27 
B86036-03, -   
B15223-02, 0.12 
B120008-02, 0.36 
P120013-01-C, 0.17 
R141028-01, 0.06 
R120053-05, -   
R120053-04, 0.02 
00004556-002-CK-M-002-B1, -   
R141020-06, -   
D140031-02, 0.20 
A65015-01, 0.01 
D143013-03, 0.20 
R141017-06, 0.06 
R141029-06, 0.09 
0118316-011-SM-S-005, 0.05 
B117001-35, 0.52 
R93007-03, 0.02 
R120047-02, 0.06 
BSK-BTY-NAT-LRG, -   
B121018-05, 0.23 
01027841-012-QU-A-000, 0.00 
01027841-012-KI-B-001, 0.03 
P120008-03-C, 0.16 
P58017-01-C, 0.21 
00004556-004-KI-S-006-B2, 0.01 
00004556-007-KI-S-001-B3, -   
B15203-02, 0.12 
R120005-05, 0.06 
01027841-012-FL-A-001, 0.00 
00004556-001-KI-M-003-B2, -   
00004556-003-CK-M-002-B1, -   
00004556-001-CK-M-006-B3, -   
00004556-002-CK-W-005-B3, -   
F184006-04, 0.08 
P84020-05-C, 0.49 
B86101-08,
P84051-01-C,
P84018-01-C, 0.36 
R88025-03,
00004556-008-CK-S-001-B2, -   
B117001-33, 0.33 
00004556-007-TW-S-006-B3, -   
00004556-001-TW-M-001-B1, -   
00004556-001-TW-W-007-B2, -   
0118316-010-U-W-006, 0.01 
00004556-003-TW-M-004-B1, -   
00004556-003-CK-M-007-B2, -   
R120026-02, 0.00 
00004556-003-KI-W-005-B1, -   
00004556-001-CK-W-004-B3, -   
R88028-02,
R120033-08,
00004556-001-CK-M-004-B3, -   
R93045-07, 0.00 
B86012-09, 0.55 
00004556-004-TW-S-002-B1, -   
B66004-01, 0.77 
00004556-009-TW-S-007-B2, -   
00004556-005-TW-S-002-B1, -   
00004556-003-KI-M-003-B1, -   
B86102-20, 0.02 
R120041-07, 0.08 
R158003-02, 0.08 
00004556-002-CK-W-002-B3, 0.01 
00004556-002-TW-W-007-B3, -   
00004556-001-FL-M-003-B3, -   
C77002-01,
R88022-04, 0.06 
00004556-003-FL-M-001-B3, -   
R121003-06, 0.01 
01027841-012-FL-W-001, -   
01027841-012-CK-W-001, 0.01 
F148003-01, 0.59 
C83004-01, 0.00 
R93007-01,
00004556-003-KI-M-005-B2, -   
00004556-008-TW-S-007-B3, -   
F147007-01, 0.23 
R120026-01,
B117001-02, 0.42 
R88029-03, 0.02 
R141001-06, 0.04 
R93028-05, 0.00 
00004556-009-FL-S-002-B1, -   
00004556-006-TW-S-004-B1, -   
R106001-03,
0118316-008-U-W-007, 0.01 
00004556-009-TW-S-007-B3, -   
00004556-002-CK-W-005-B2, -   
00004556-003-FL-M-004-B1, -   
D121016-06,
00004556-003-CK-W-007-B3, -   
B86018-24, 0.08 
P84038-01-C, 1.00 
D126010-01, 0.50 
P56044-03-C, 0.08 
R88015-03,
00004556-004-KI-S-005-B2, 0.01 
B15206-05, 1.11 
00004556-007-TW-S-002-B2, -   
T58023-01, 0.41 
00004556-006-TW-S-006-B1, -   
R88003-01,
00004556-002-FL-M-007-B2, -   
T58033-01, 0.21 
T58023-02, 0.37 
00004556-006-FL-S-002-B3, -   
F151002-01, 0.13 
P84022-05-C, 0.03 
00004556-003-FL-M-006-B1, -   
00004556-009-FL-S-002-B2, -   
B86010-22,
00004556-001-FL-W-005-B1, -   
B86019-29, 0.09 
P56070-02-C,
0118316-014-U-W-007, -   
00004556-002-TW-M-006-B3, -   
P56032-01-C, 0.12 
R93030-08,
D121010-01, 0.97 
00004556-003-KI-M-004-B2, -   
D104008-02, 1.15 
B86018-18, 0.09 
D110002-01, 0.59 
B86009-08, 0.35 
B83001-05, 0.14 
R141021-08, -   
B15209-01, 0.27 
00004556-002-KI-W-005-B3, 0.01 
R141006-01, 0.09 
R120017-05,
P84022-03-C, 0.09 
B86100-13, 0.15 
D124002-02-K,
00004556-002-KI-W-003-B1, -   
P97003-01-C,
R61010-03, 0.02 
P56063-01-C, 1.00 
00004556-008-FL-S-001-B3, -   
00004556-005-CK-S-006-B1, -   
00004556-003-KI-M-007-B1, -   
D157001-02, 0.24 
00004556-001-QU-M-005-B3, -   
B121017-03, 0.20 
B86013-01, 0.42 
B86016-19, 0.04 
R00002-11, 0.09 
D121020-03, 0.59 
D84009-01, 0.15 
A65000-09, 0.03 
B66007-03,
B86007-26, 0.89 
F97016-01, 0.05 
00004556-002-FL-M-002-B3, 0.00 
R88020-03, 0.07 
R88035-05,
B86015-31, 0.44 
00004556-002-KI-M-003-B1, 0.00 
B84002-02, 0.73 
R141014-05, 0.03 
00004556-008-KI-S-002-B1, -   
B86017-30, 0.01 
T58014-01, 0.11 
00004556-009-QU-S-001-B3, 0.01 
B86001-18, 0.06 
P84020-01-C, 0.31 
R93035-05, 0.02 
T58053-02, 0.42 
B121019-04, 0.07 
D120002-03,
P123006-01-C, 0.40 
D129006-01, 0.05 
00004556-001-QU-W-002-B2, -   
00004556-001-KI-W-003-B1, -   
00004556-001-KI-W-003-B2, -   
B121007-03, 1.00 
A65020-01, 0.02 
D103001-01,
00004556-007-FL-S-005-B1, -   
00004556-002-TW-M-001-B1, 0.00 
B86039-02, 0.29 
B15213-04, 0.09 
P84070-02-C, 0.19 
00004556-008-QU-S-007-B2, -   
00004556-002-TW-W-003-B1, -   
B121027-07, 0.39 
P58014-01-C, 0.29 
P141001-02-C, 2.00 
D62019-01, 0.12 
P56061-01-C, 1.00 
R93024-03, 0.02 
00004556-005-TW-S-001-B3, -   
R120051-06, 0.02 
D121017-05,
B86020-10, 0.04 
00004556-003-KI-M-001-B2, 0.00 
00004556-009-CK-S-001-B2, -   
R121003-07, 0.00 
F147008-01, 0.40 
00004556-008-TW-S-006-B1, -   
3230024, 1.00 
A65090-01,
R120025-02,
B86001-29, 0.08 
B86021-18,
A65037-01, -   
00004556-001-KI-M-005-B3, -   
F151002-02, 0.02 
P84068-02-C, 0.25 
R120053-02, -   
B86016-27, 0.11 
B86002-31, 0.44 
R141027-06, 0.09 
00004556-002-TW-M-005-B3, -   
00004556-009-TW-S-002-B3, -   
T58054-02, 0.30 
R120053-07, 0.02 
B15205-03, 0.04 
ODST-SF-DN-S2-A2-C0-SA-TK,
R88017-03, 0.11 
B86010-18, 0.05 
B86032-02,
P120011-02-C, 1.61 
R88036-03, 0.04 
R88005-02, 0.02 
B125002-01, 0.53 
B86026-01, 0.27 
R141030-07, 0.02 
00004556-007-KI-S-002-B1, 0.00 
00004556-006-TW-S-004-B2, -   
00004556-009-KI-S-007-B2, -   
R120053-08, 0.03 
00004556-003-QU-M-006-B3, -   
B121011-01, 0.03 
R88001-02, 0.02 
B15216-02, 0.77 
D74004-01, 0.11 
D121001-04, 0.40 
P56043-01-C, 0.33 
B86037-01, 0.26 
D62021-01, 0.10 
00004556-009-KI-S-004-B2, 0.02 
P58011-01-C,
B86102-08,
R88036-04, 0.02 
F97019-02, 0.12 
R141013-02, 0.02 
R61013-03, 0.03 
R54023-01,
B15212-08, 0.21 
R84010-01,
B86001-30, 0.07 
B86007-08, 0.55 
B121013-02,
D119015-01, 0.06 
D121004-01, 0.32 
B86007-31, 0.30 
sku-47373934330083, 1.25 
P120005-01-C, 1.51 
R120003-05, 1.00 
B86014-29, 0.33 
R88027-02, 0.00 
R120011-03,
D154001-01, 0.09 
T139005-01, 0.10 
R93014-07, 0.01 
B86018-07, 0.16 
D140024-01, 0.38 
B86104-02, 0.48 
R88017-05, 0.09 
SWA-LIB-0007, 1.16 
D116002-02, 0.20 
R106005-06, 0.01 
R88010-05,
R114002-02, 0.01 
B15206-01, 1.26 
00004556-001-KI-M-002-B1, -   
P84021-02-C, 0.03 
B86020-09, 0.01 
B86019-16, 0.17 
00004556-001-QU-W-002-B1, -   
B86100-22,
R93015-07,
R93044-08, 0.00 
00004556-001-QU-M-007-B3, -   
00004556-009-QU-S-007-B3, 0.01 
P141012-01-C, 0.51 
P84012-01-C,
R114001-03,
00004556-005-KI-S-001-B2, 0.01 
00004556-001-CK-W-003-B2, -   
B121014-05, 0.15 
P84019-05-C, 0.06 
R93045-08, 0.00 
SWA-WD-0001, 0.28 
R141019-05, 0.00 
R88002-02,
R121002-05, 0.01 
01027841-013-U-A-001, 0.12 
R120001-02,
B86012-22,
P120008-01-C, 1.80 
00004556-002-KI-W-003-B2, -   
D126001-06, 1.00 
R120001-04,
D155001-06, 0.16 
00004556-004-KI-S-001-B2, 0.01 
R93024-02, 0.00 
00004556-009-KI-S-006-B1, 0.01 
00004556-002-TW-M-002-B3, -   
R141029-05,
P126010-02-C, 0.14 
T123002-01, 0.13 
00004556-009-FL-S-004-B1, 0.00 
R141004-08, 0.01 
B86027-01, 0.10 
P84055-04-C, 0.38 
SWA-JB-001, 0.61 
00004556-005-FL-S-006-B2, -   
00004556-008-FL-S-004-B1, 0.00 
SWA-LIB-0001, 0.51 
T58053-01, 0.15 
B121015-01, 0.13 
P84044-03-C, 0.09 
T139004-01, 0.45 
00004556-005-TW-S-006-B3, -   
B86101-22,
00004556-003-FL-W-003-B2, -   
00004556-002-QU-W-001-B3, 0.01 
R93005-03, 0.04 
R120028-07, -   
01027841-012-TW-W-000, -   
R00002-06, 0.73 
00004556-005-QU-S-002-B2, -   
R93013-01, 0.01 
00004556-001-TW-M-002-B2, -   
D121017-07,
B86031-02, 0.08 
00004556-005-QU-S-006-B2, -   
R84010-05,
D143014-02, 0.38 
R141013-01, 0.01 
P84016-02-C, 0.33 
P123001-01-C, 0.25 
00004556-004-QU-S-002-B2, 0.00 
F184006-03, 0.30 
D119007-01, 0.07 
01027841-012-QU-W-001, 0.06 
B86102-25, -   
00004556-001-QU-M-001-B1, 0.01 
00004556-003-KI-W-004-B1, -   
00004556-003-CK-W-005-B1, -   
R120013-03, 0.05 
R93043-03, 0.09 
R93007-02,
D125002-01, 1.00 
R93029-07, 0.01 
D62018-01, 0.77 
00004556-004-FL-S-005-B1, -   
00004556-003-TW-M-003-B1, -   
R141004-05, 0.02 
00004556-002-KI-W-007-B1, 0.01 
00004556-001-KI-W-004-B1, 0.00 
B86007-18, 0.08 
B121013-04, 0.08 
D73008-02, 0.12 
B86018-10, 0.18 
SWA-CRY-011, 0.81 
R84011-02, 0.00 
00004556-002-FL-M-003-B2, -   
P123001-04-C, 0.33 
00004556-003-KI-W-007-B1, 0.00 
B15201-03, 0.02 
B86003-17, 0.38 
B86001-31, 0.05 
R120015-04, 0.03 
00004556-007-QU-S-004-B2, 0.01 
R120047-08, 0.02 
R106004-07,
00004556-003-KI-W-004-B3, -   
D090009-01, 0.25 
R158002-03, 0.03 
00004556-002-FL-M-001-B1, 0.00 
R141030-01, -   
D143001-01, 0.28 
B15205-02, 0.11 
R120028-05, 0.04 
00004556-003-QU-W-002-B1, -   
B15218-01, 0.39 
R93043-01, 0.07 
00004556-007-QU-S-004-B1, 0.01 
R93012-04, 0.20 
B86033-02, 0.03 
00004556-002-CK-M-005-B2, 0.00 
B86020-33,
00004556-003-CK-W-005-B3, -   
00004556-007-KI-S-002-B3, 0.00 
F97012-01, 0.01 
00004556-003-CK-W-002-B2, -   
B15208-07, 0.21 
B121022-06,
00004556-004-FL-S-004-B1, -   
B86019-27, 0.11 
01027841-014-QU-W-002, -   
R120008-05,
00004556-008-KI-S-005-B3, -   
00004556-001-TW-M-005-B1, -   
P56017-02-C, 0.26 
00004556-002-CK-W-002-B1, 0.01 
00004556-001-FL-M-004-B2, -   
00004556-007-KI-S-004-B3, 0.01 
00004556-004-CK-S-007-B2, -   
R120020-04, 0.01 
00004556-001-QU-W-001-B1, -   
00004556-006-QU-S-006- B2, -   
P15002-04, -   
B86019-19, 0.09 
00004556-005-TW-S-005-B2, -   
00004556-009-CK-S-007-B1, -   
00004556-003-QU-M-001-B2, 0.00 
00004556-003-TW-W-002-B3, -   
00004556-007-TW-S-002-B1, -   
B15205-07, 0.09 
R141011-05, 0.03 
P54001-01-C, 0.08 
00004556-009-QU-S-002-B1, -   
R88030-02, 0.03 
00004556-009-FL-S-005-B3, -   
B86010-27, 0.37 
B86014-30, 0.52 
R120020-03, 0.01 
0118316-011-MD-S-008, 0.01 
00004556-008-TW-S-002-B1, -   
00004556-006-CK-S-005-B1, 0.00 
R61009-03, 0.01 
P56050-01-C,
R84002-05,
00004556-001-TW-W-002-B2, -   
C11001-02, 0.33 
D12006-01, 0.04 
R141003-05, 0.01 
R141008-07, 0.03 
R88020-02, 0.07 
B86018-19, 0.13 
156_SOLQUILT_OLIVE, 0.05 
00004556-005-QU-S-006-B3, -   
D73005-01, 0.03 
B86101-04,
00004556-001-QU-M-003-B3, -   
P84012-03-C, 0.17 
B66009-02, 1.18 
P97002-02-C,
T84010-01,
P84054-01-C, 0.71 
P84066-01-C, 0.19 
D141001-09, 0.04 
P56064-01-C, 0.24 
00004556-007-CK-S-002-B3, -   
B15215-03, 0.10 
B86100-04, 0.00 
0118316-011-MD-S-005, 0.01 
00004556-009-KI-S-002-B2, -   
01027841-014-CK-B-002, -   
P84046-02-C, 0.50 
P141010-01-C, 0.30 
D086001-07, 0.90 
B86041-02, 0.17 
C97004-02, 0.03 
B86024-02, 0.13 
00004556-001-TW-W-003-B1, -   
P84074-02-C, 0.42 
B86010-20,
R93045-06, 0.01 
00004556-003-QU-W-005-B3, -   
B86003-20,
00004556-002-QU-M-006-B2, 0.01 
B15203-07, 0.09 
B86015-33, 0.49 
R141011-03, 0.02 
B86101-25,
00004556-002-CK-W-004-B2, -   
B86021-20,
R84010-04, 0.02 
P840604-01-C, 0.26 
00004556-003-QU-M-004-B3, -   
B86040-01, 0.25 
D123002-03, 0.06 
00004556-009-FL-S-001-B3, -   
T58009-01,
R93032-05, 0.07 
B86002-02, 0.34 
B86015-26, 0.76 
R93038-07, 0.07 
D121015-04, 0.22 
D124001-01-Q2,
00004556-002-QU-M-004-B2, 0.01 
R88025-02,
D143008-03, 0.72 
D115004-01, 0.04 
00004556-001-FL-M-005-B2, -   
P84071-02-C, 0.32 
00004556-007-CK-S-006-B1, 0.01 
00004556-007-QU-S-005-B1, -   
00004556-009-QU-S-005-B1, -   
C97007-01, 0.16 
D140001-01, 0.54 
R158001-07, -   
R158003-01, -   
F97021-02, 0.02 
T139008-03, 0.10 
00004556-004-CK-S-004-B1, -   
P56029-02-C, 0.40 
00004556-006-TW-S-004-B3, -   
S83006-01,
R120051-07, 0.02 
00004556-003-TW-M-004-B2, -   
P120014-01-C, 0.32 
R93032-07, 0.06 
D121021-04, 0.24 
R54016-02, 0.04 
D104011-02, 1.51 
B132001-02, 0.58 
D70002-01-P, 0.15 
B86003-08, 0.86 
B100005-02,
B86003-19, 0.44 
B15224-02, 0.13 
D121008-02, 1.83 
P20001-41, 1.67 
D121003-03, 1.24 
D121008-04, 0.40 
D104007-02, 0.83 
B86012-08, 0.57 
B132003-04, 0.14 
ODAS-AC-SCT-SA-TK, 2.00 
R54029-03, 0.02 
P84074-01-C, 0.53 
F184006-01, 0.36 
P120016-01-C, 0.14 
A65101-01, -   
R120053-09, 0.03 
TAPTST9EUC, 0.48 
R120029-06, 1.00 
R93043-05, 0.00 
SWA-WD-0003, 0.10 
R120035-06, 0.05 
R120031-06,
R114001-02, 0.00 
R120024-04, 0.01 
R121002-06, 0.03 
01027841-012-KI-W-001, 0.05 
R00002-01, 0.40 
R141006-04, 0.03 
00004556-007-KI-S-007-B2, 0.01 
01027841-013-U-A-000, 0.20 
D155001-04, 0.24 
R121001-02, 0.15 
B121022-05,
0118316-011-LG-S-007, 0.01 
01027841-014-TW-B-002, -   
B121009-05, 0.05 
R141006-06, 0.09 
R93003-02, 0.03 
D119008-02,
00004556-002-TW-W-004-B2, -   
R84008-04, 0.05 
00004556-004-TW-S-007-B1, -   
00004556-001-KI-W-002-B2, -   
T58013-02, 0.76 
B86013-04, 0.17 
B121024-01, 0.16 
00004556-007-QU-S-007-B1, 0.01 
00004556-009-TW-S-005-B1, -   
00004556-009-CK-S-004-B3, 0.00 
B15202-07, 0.19 
00004556-004-KI-S-001-B1, 0.01 
P15001-01-C, 0.94 
R141014-08, 0.00 
P56057-01-C, 0.00 
B86100-17, 0.01 
00004556-008-CK-S-004-B3, -   
00004556-004-FL-S-006-B2, -   
B15207-03, 0.28 
R61007-06,
00004556-002-FL-M-006-B1, 0.00 
R141005-07, 0.04 
0118316-005-U-S-006, 0.00 
R88025-04, 0.00 
00004556-003-TW-M-001-B2, -   
R120016-06, 0.03 
00004556-002-FL-M-007-B3, -   
TAPTST9BUR, 0.39 
00004556-001-QU-M-004-B3, 0.00 
00004556-007-KI-S-006-B1, -   
R88006-01,
00004556-001-TW-W-006-B1, -   
00004556-001-KI-M-003-B1, -   
D119021-01, 0.19 
P97001-03-C, 0.13 
B15210-02, 0.38 
B116001-03, 0.08 
00004556-007-QU-S-004-B3, 0.01 
00004556-004-KI-S-002-B2, 0.01 
R88023-03, 0.07 
B86102-16,
0118316-006-U-S-005, -   
P97002-01-C,
R141018-08, 0.00 
00004556-002-CK-M-004-B2, -   
P120002-03-C, 0.32 
00004556-003-CK-M-004-B2, -   
P84060-01-C, 0.25 
R93028-04, 0.00 
R120051-01, 0.04 
00004556-005-TW-S-001-B1, -   
R88032-03,
00004556-001-FL-M-004-B3, -   
00004556-003-CK-W-003-B2, -   
00004556-001-FL-W-004-B2, -   
P120009-01-C, 0.36 
00004556-001-TW-W-006-B3, -   
B86100-16, 0.00 
00004556-006-CK-S-007-B1, -   
B86017-31,
F1470010-01, 0.43 
B86103-08, 0.01 
00004556-008-KI-S-002-B3, -   
P156001-02-C, 0.08 
00004556-006-KI-S-007-B2, -   
P123011-04-C, 0.13 
00004556-001-CK-M-002-B3, -   
R61017-01, 0.05 
00004556-007-TW-S-006-B1, -   
R54003-02,
00004556-009-CK-S-005-B3, -   
00004556-005-QU-S-007-B1, -   
P120012-01-C, 0.39 
00004556-001-CK-M-002-B1, -   
B86017-16, 0.04 
R93031-06, 0.01 
B86021-02,
00004556-001-QU-M-003-B1, -   
R141002-01, 0.04 
B117001-37, 0.27 
P58016-02-C, 0.43 
P122006-02-C, 0.03 
R120017-06,
00004556-002-QU-M-007-B3, 0.01 
00004556-005-KI-S-007-B2, -   
D90005-01-K, 0.20 
R141013-04, 0.01 
P84036-03-C, 0.12 
00004556-005-QU-S-001-B2, 0.00 
R88031-02, 0.01 
B15203-01, 0.17 
R88011-02, 0.02 
B15204-01, 1.13 
P84010-03-C, 0.25 
D62003-02, 0.13 
P120003-03-C, 0.50 
B66001-02, 0.95 
C10001-04-C,
01027841-013-U-B-001, 0.03 
P56044-01-C, 0.27 
P84012-05-C, 0.13 
00004556-003-TW-W-004-B3, -   
00004556-003-CK-M-007-B1, -   
00004556-003-TW-W-007-B1, -   
P56045-02-C, 0.04 
D121013-02,
T58002-01, 0.23 
R93046-08, 0.03 
R120047-07, 0.04 
00004556-002-KI-M-007-B3, 0.01 
0118316-009-U-W-004, 0.00 
01027841-012-FL-W-000, -   
00004556-006-CK-S-001-B1, -   
B86015-04, 0.50 
B86015-05, 0.30 
R158001-16, -   
R120008-03,
00004556-007-FL-S-005-B2, -   
B120004-02, 0.75 
00004556-004-QU-S-004-B2, 0.00 
D116001-01, 0.14 
00004556-001-KI-W-005-B2, -   
00004556-003-QU-M-005-B1, 0.01 
P120010-06-C, 0.88 
PM0003-GW-2, 0.50 
00004556-002-TW-M-007-B1, -   
B15208-04, 0.14 
P56015-01-C,
R120011-06,
B144003-04, 0.20 
C79006-01, 0.46 
R151015-03, 0.09 
R93036-01, 0.03 
P84014-01-C, 1.00 
00004556-006-FL-S-001-B2, -   
00004556-005-CK-S-002-B3, -   
R94001-05,
00004556-002-TW-M-003-B2, -   
00004556-006-FL-S-001-B3, -   
T58026-01, 0.75 
R120026-03,
D70001-01,
B121007-01, 1.00 
P56049-01-C, 0.42 
R120019-04, 0.06 
00004556-001-TW-M-006-B2, -   
B86020-26, 0.03 
D62020-01, 0.31 
R126002-01, -   
ODST-SL-DN-S5-A2-C0-RM-TK,
00004556-004-TW-S-002-B2, -   
B121027-05, 0.19 
D141001-06, 0.05 
B15213-08, 0.04 
00004556-008-QU-S-001-B2, -   
0118316-011-MD-S-007, 0.02 
00004556-003-CK-W-006-B2, -   
B86018-01, 0.16 
00004556-001-TW-M-003-B1, -   
R114003-03,
B86016-22, 0.04 
00004556-006-KI-S-007-B1, -   
B15211-04, 0.12 
T58026-02, 0.31 
B15210-05, 0.48 
D121018-03, 0.73 
D86003-01,
00004556-001-FL-W-005-B3, -   
T12001-03, 0.23 
UWWBASKTRLSMKOS, 0.08 
R126001-01,
R93013-06, 0.01 
R88038-01, 0.02 
00004556-001-TW-W-004-B1, -   
00004556-003-KI-M-002-B2, -   
B86016-20,
B86002-01, 0.81 
C84004-01-S,
B117001-01, 0.39 
B86016-04, 0.07 
D116001-02, 0.10 
002560062-014-U-S-006, -   
00004556-003-FL-W-005-B3, -   
R93016-01, 0.14 
D116002-01, 0.59 
B15204-08, 1.50 
002560062-015-U-S-006, 0.01 
R88017-01, 0.26 
R93029-05, 0.01 
00004556-002-FL-W-007-B1, -   
00004556-006-TW-S-006-B2, -   
D140012-01, 1.00 
00004556-004-CK-S-006-B2, -   
D119006-02,
R93020-03,
D124002-03-Q2,
00004556-009-TW-S-006-B2, -   
R88030-04, 0.01 
00004556-002-TW-W-007-B2, -   
R61013-01, 0.01 
R54028-02, -   
00004556-001-TW-W-005-B2, -   
P84043-02-C, 0.12 
P84054-02-C, 0.35 
R88031-03, 0.01 
B121022-01, 0.15 
B86014-17, 2.00 
00004556-006-QU-S-005- B3, -   
B121027-06, 0.20 
R121001-01, 0.12 
B121017-05, 0.18 
C113004-02-B, -   
R141017-02, 0.03 
B86013-29, 0.37 
B121001-02, 0.04 
002560062-018-U-S-006, -   
B86002-20,
B86002-10, 0.42 
D90005-01, 0.24 
B86007-07, 0.38 
00004556-001-CK-W-003-B1, -   
D12007-01, 0.06 
B15221-02, 0.26 
C10001-03-C,
P81008-02-C, 1.00 
00004556-007-QU-S-001-B2, 0.00 
R158001-19, 0.04 
00004556-005-KI-S-005-B3, -   
F97013-01, 0.17 
B15204-03, 0.76 
R120048-03,
F137001-08, 0.06 
A65005-01, -   
D104008-01, 2.28 
R84002-02, 0.05 
D62013-01, 0.23 
B131001-02, 0.21 
D104007-03, 0.94 
D121009-03, 1.58 
A65011-01,
B15213-06, 0.05 
D121008-01, 0.96 
B86008-16, 0.76 
D62001-01, 0.13 
B86002-27, 0.83 
B86013-05, 0.49 
D121001-01, 0.64 
B86008-20,
D121018-04, 0.42 
A65019-01, 0.03 
B121001-01, 0.05 
B86011-30, 0.67 
R54013-03, 0.06 
B86010-19, 0.20 
B86008-07, 0.43 
D121009-04, 0.68 
B86002-19, 0.36 
B86010-06, 0.21 
00004556-003-TW-W-005-B2, -   
BrisThr, -   
BSK-GRP-SMK-XLG, -   
00004556-002-QU-W-007-B2, -   
R158001-06, 0.03 
00004556-007-FL-S-004-B1, -   
B86035-03,
A65079-01, 0.04 
R54004-02, 0.05 
R158002-04, 0.11 
R120051-03, 0.02 
P120013-04-C, 0.26 
B86036-01, 0.03 
B86029-02, 0.10 
R120003-02, 1.25 
R120037-01, -   
A65043-01, -   
B84003-02, 0.34 
D116005-01, 0.35 
R120016-01, 0.07 
R120026-05, 0.00 
B120002-02, 0.31 
B86001-01, 0.09 
R141014-04, 0.01 
R120031-07,
D73012-01, 0.02 
D090008-01, 0.11 
P97003-02-C,
00004556-009-KI-S-002-B1, -   
R93014-05, 0.05 
R141002-08, 0.05 
B13402-02, 0.13 
B117001-06, 0.53 
00004556-005-QU-S-005-B3, -   
00004556-003-QU-M-004-B1, -   
01027841-013-U-W-001, 0.13 
R120003-04, 0.02 
D73014-02, 0.11 
R141003-06, 0.03 
00004556-008-FL-S-007-B3, -   
00004556-002-CK-M-001-B2, 0.02 
R120039-08, 0.03 
B86019-05, 0.28 
R88038-04, 0.02 
R120048-07, 0.03 
R120019-02, 0.13 
R121001-06, 0.05 
D121011-02, 0.06 
B86102-18, 1.00 
R120023-01,
00004556-003-TW-M-003-B3, -   
R120048-08, 0.05 
00004556-002-FL-W-001-B1, 0.01 
R88001-03, 0.01 
P84019-04-C,
00004556-003-CK-W-003-B3, -   
B15203-03, 0.06 
R141012-08, 0.01 
00004556-002-QU-M-001-B3, 0.04 
R88036-07, 0.10 
B86021-32, 0.26 
00004556-008-FL-S-006-B1, -   
R88019-03,
B86017-21,
00004556-005-KI-S-007-B1, -   
B86019-32,
R141013-08, 0.03 
D124002-04-Q2,
D84018-02,
R120016-05, 0.03 
00004556-009-TW-S-002-B2, -   
B60006-01, 0.27 
B86017-19, 0.02 
D70002-02-S, 0.07 
T58035-01,
P156001-01-C, 0.28 
R120038-08, 0.02 
B121019-02, 0.05 
R93022-04, 0.08 
B121018-01, 0.12 
00004556-003-QU-W-001-B2, -   
R141007-07, 0.02 
00004556-003-TW-W-003-B2, -   
002560062-015-U-S-004, 0.05 
00004556-009-CK-S-005-B1, -   
B86016-06, 0.07 
00004556-006-CK-S-004-B3, 0.01 
R158001-04, 0.03 
P84055-02-C, 0.17 
00004556-002-QU-M-004-B3, 0.01 
R120021-05, 0.04 
R88017-08, 0.02 
B15215-07, 0.33 
D73014-01,
D129002-01, 0.31 
B120005-01, 0.40 
00004556-001-QU-M-003-B2, -   
C83002-01, 0.05 
P56020-01-C,
D142001-04,
00004556-001-FL-M-006-B3, -   
P84037-03-C, 0.15 
00004556-003-QU-M-002-B2, -   
R93010-06, 0.08 
R93045-05, 0.01 
P84045-02-C,
00004556-008-QU-S-004-B1, 0.00 
B86103-18, 0.01 
R93015-06,
SWA-WD-0004, 0.11 
R114001-01,
B121006-04,
SWA-CRY-004, 0.27 
B86014-27, 0.21 
00004556-003-QU-W-007-B2, 0.00 
B86020-24, 0.01 
B86019-26, 0.11 
00004556-001-TW-M-002-B3, -   
00004556-002-TW-M-007-B2, -   
R120032-05,
R88037-06, 0.06 
00004556-002-FL-M-007-B1, -   
00004556-001-FL-W-007-B3, -   
R120044-06, 0.05 
00004556-001-FL-M-006-B2, -   
00004556-004-TW-S-004-B2, -   
B86102-24,
P84043-03-C, 0.15 
B15206-07, 2.00 
B121012-04,
B86012-31, 0.36 
R106004-04,
00004556-001-KI-W-004-B2, 0.00 
T58042-01, 1.00 
B121015-03, 0.19 
R88008-03,
0118316-005-U-S-008, -   
B121009-03, 0.03 
B86007-16, 0.53 
D86006-02,
A65041-01, 0.01 
B144004-01, 0.35 
00004556-003-FL-M-002-B2, -   
B121013-05, 0.03 
B86017-10, 0.03 
D121012-03, 1.00 
R93004-05, 0.08 
00004556-009-KI-S-002-B3, -   
00004556-004-FL-S-007-B2, -   
R93010-05, 0.11 
00004556-002-QU-M-007-B2, 0.01 
00004556-007-FL-S-006-B3, -   
00004556-001-FL-M-002-B1, -   
B86018-26, 0.13 
R141014-06, 0.01 
00004556-007-QU-S-002-B2, -   
D121020-06, 0.09 
00004556-001-TW-W-004-B2, -   
R84008-02, 0.04 
00004556-001-FL-W-004-B1, -   
00004556-001-QU-W-006-B2, -   
00004556-005-CK-S-006-B2, -   
R88010-02,
00004556-001-TW-M-006-B3, -   
P120002-01-C, 1.01 
00004556-005-CK-S-002-B2, -   
00004556-001-FL-M-005-B3, -   
00004556-003-QU-W-006-B1, -   
00004556-006-TW-S-007-B3, -   
R93020-01,
B86007-01, 0.38 
R88002-03,
P63003-01-U,
00004556-001-CK-W-005-B3, -   
D125004-02, 0.00 
00004556-003-CK-M-001-B3, -   
P126006-01-C, 0.07 
B84004-01, 0.10 
B86014-02, 0.16 
00004556-008-CK-S-007-B3, -   
00004556-008-FL-S-007-B2, -   
P56069-02-C,
D119011-02, 0.15 
R120006-05, 0.05 
R88024-01, 0.09 
00004556-009-TW-S-006-B1, -   
D157001-03, 0.09 
D74007-02, 0.50 
R141009-07, 0.01 
B86015-10, 0.32 
B86009-04, 0.32 
P84020-02-C, 0.27 
B86011-01, 0.44 
00004556-003-CK-M-006-B2, 0.00 
00004556-006-QU-S-001- B3, 0.00 
R141025-06, 0.08 
00004556-007-TW-S-004-B2, -   
R158002-02, 0.01 
P84036-04-C,
R126002-03, 0.01 
D73008-01, 0.13 
B86101-09,
R121001-03, 0.11 
P84044-05-C, 0.12 
B149002-01,
R88031-01, 0.01 
00004556-006-FL-S-002-B2, -   
00004556-005-KI-S-006-B1, 0.00 
00004556-002-FL-M-006-B3, 0.00 
R158001-20, -   
00004556-007-CK-S-001-B2, -   
P123006-02-C, 0.25 
D143003-01, 0.48 
P84019-01-C, 0.04 
D086001-08, 0.22 
D119006-03, 0.25 
B121009-04,
00004556-006-TW-S-001-B3, -   
D150004-02, 0.02 
B86010-04, 0.26 
B86019-07, 0.18 
B86101-10,
00004556-002-KI-M-004-B1, 0.01 
R93024-01,
P20001-42, 0.02 
R151015-02, 0.08 
R54027-02, 0.08 
BSK-BTY-SMK-LRG-3, 0.03 
B15215-04, 0.07 
P81015-01-C, 0.44 
00004556-006-KI-S-005-B1, -   
R54014-02, 0.25 
00004556-006-KI-S-001-B1, 0.01 
B86025-01, 0.29 
00004556-008-FL-S-001-B2, -   
B15207-02, 0.45 
B86018-06, 0.11 
B15209-04, 0.24 
00004556-003-TW-W-007-B2, -   
B86031-01, 0.11 
00004556-003-CK-W-002-B3, -   
R133001-03, 0.02 
B100002-01,
00004556-007-CK-S-005-B3, -   
00004556-001-QU-W-007-B3, -   
00004556-001-QU-W-004-B3, -   
P81010-02-C,
00004556-002-KI-W-002-B2, 0.01 
00004556-008-FL-S-006-B2, -   
00004556-003-CK-M-003-B3, -   
B121001-05, 0.04 
B86007-33, 0.20 
C97009-03, 0.08 
R61010-05, 0.01 
P056074-01-C, 0.05 
00004556-003-KI-M-006-B1, -   
R120009-02, 0.01 
B121002-05,
R120024-03,
B121007-02,
P84060-02-C, 0.09 
aqoe-rustic-pouring-lg, 0.47 
R54024-01,
00004556-008-CK-S-002-B2, -   
00004556-001-KI-M-005-B1, -   
00004556-005-QU-S-005-B2, -   
B116001-02, 0.29 
B86011-02, 0.07 
A65097-01, 0.01 
B86013-09, 0.37 
B86009-33, 0.19 
A65045-01, 0.01 
A65010-01,
A65099-01, 0.01 
D121002-04, 0.90 
B121002-01, 0.43 
R54013-01, 0.15 
B86011-07, 0.63 
B86028-02, 0.06 
C97005-02, 0.09 
D141001-07, 0.04 
P126013-01-C, 0.23 
R120037-09, -   
P81014-01-C, 0.28 
B86007-27, 0.37 
B144003-01, 0.22 
BSK-GRP-NAT-XLG, -   
B86103-21, 0.03 
B86036-02, 0.06 
B121018-02, 0.09 
D86002-01,
R88018-05, 0.04 
R93020-02,
D84006-01, 0.05 
R141009-06, 0.02 
B121015-02, 0.19 
B86023-10, 0.67 
D86005-03,
B83001-07, 0.10 
R88017-04, 0.06 
B86021-09, 0.04 
D74002-02-K, 0.59 
R141004-02, 0.05 
B86103-02, 0.00 
D121012-01, 0.22 
B121015-04, 0.19 
SWA-CRY-010, 0.42 
P56022-01-C, 0.10 
P141001-03-C,
P141001-01-C, 1.00 
00004556-005-TW-S-004-B1, -   
R120047-03, 0.01 
002560062-016-U-S-007, 0.01 
B86015-07, 0.59 
00004556-001-KI-M-001-B1, 0.02 
R93004-04, 0.03 
R121001-05, 0.04 
D120006-02, 0.04 
R93034-05, 0.02 
P56048-02-C, 0.23 
R88009-03,
R88033-05,
R88029-01, 0.03 
00004556-002-KI-M-002-B2, 0.01 
T84008-02, 0.49 
R120035-05, 0.02 
R120030-06,
00004556-003-QU-M-001-B3, 0.00 
00004556-002-FL-M-001-B2, 0.00 
00004556-002-CK-M-006-B2, 0.00 
R120016-02, 0.05 
B86012-06, 0.35 
00004556-002-TW-W-005-B3, -   
B86016-02, 0.04 
TP13001-01,
P126014-01-C, 0.25 
F147009-01, 0.09 
B86100-23,
0118316-011-LG-S-008, 0.01 
P84056-02-C, 0.19 
D150008-01, 1.00 
00004556-003-FL-M-007-B2, -   
R120024-05,
P56014-01-C, 0.05 
01027841-015-U-A-001, 0.08 
T58044-01, 0.09 
S104002-01,
R120005-03, 0.09 
R120001-01,
00004556-002-FL-W-002-B2, -   
R88026-01,
P122004-01-C, 0.05 
00004556-001-CK-M-006-B1, -   
R141026-07, 0.01 
00004556-001-QU-M-004-B2, 0.00 
P126002-01-C, 0.07 
R120022-04,
B121028-01, 0.17 
R93040-06, 0.08 
R133001-02, 0.05 
00004556-002-TW-M-006-B1, -   
P56049-02-C, 0.24 
R120042-05, 0.02 
00004556-001-TW-M-004-B2, -   
R54027-03,
00004556-001-QU-W-006-B3, -   
F82003-03, 0.17 
R93018-02, 0.03 
R88037-04, 0.03 
P123009-03-C, 0.59 
P123009-04-C, 0.58 
00004556-005-KI-S-005-B2, -   
00004556-003-FL-M-005-B2, -   
B86100-19, 0.03 
R88029-05, 0.01 
R114002-01,
00004556-007-FL-S-001-B2, -   
R106003-05,
00004556-008-TW-S-004-B1, -   
R120015-06, 0.08 
00004556-002-KI-W-007-B2, 0.01 
B121016-05, 0.25 
00004556-002-QU-M-005-B1, 0.02 
B15203-04, 0.06 
D104001-01, 0.47 
00004556-009-CK-S-002-B1, -   
R120049-06, 0.06 
00004556-007-KI-S-007-B1, 0.01 
R93045-03, 0.02 
00004556-002-QU-M-003-B1, -   
00004556-003-QU-M-007-B1, -   
00004556-005-QU-S-001-B3, 0.00 
B86019-08, 0.21 
R120018-02, 0.07 
B86009-20,
B86020-30, 0.01 
SWA-CRY-012, 0.17 
00004556-009-TW-S-002-B1, -   
R120039-06, 0.06 
R84002-01,
00004556-003-FL-M-001-B1, -   
00004556-003-FL-W-002-B3, -   
B86001-22, 0.02 
B121001-03, 0.05 
00004556-006-FL-S-005-B2, -   
P84022-04-C,
B121016-04, 0.23 
00004556-001-KI-W-002-B1, -   
00004556-002-TW-W-004-B3, -   
T58048-01, 0.30 
T58013-03, 0.29 
P84071-01-C, 0.14 
00004556-007-CK-S-006-B2, 0.01 
P123011-03-C, 0.16 
R141013-07, 0.07 
00004556-005-FL-S-002-B1, -   
R120047-01, 0.02 
00004556-008-FL-S-005-B2, -   
R120038-04, 0.06 
D69004-01,
P141003-01-C, 0.04 
00004556-001-KI-W-006-B2, -   
00004556-003-KI-M-006-B2, -   
P120010-01-C, 0.60 
00004556-003-FL-M-005-B1, -   
P56054-01-C,
B86101-24,
00004556-003-QU-M-007-B3, -   
R88014-04, 0.01 
00004556-006-QU-S-007- B2, -   
B15208-05, 0.23 
R93043-06, 0.00 
00004556-001-TW-W-005-B1, -   
P56072-01-C, 0.55 
R93043-04, 0.09 
00004556-002-CK-M-003-B1, -   
B86020-01, 0.03 
P97001-02-C, 0.15 
R93006-03, 0.12 
00004556-003-QU-W-001-B1, -   
00004556-003-KI-M-004-B1, -   
00004556-003-CK-W-001-B2, 0.00 
P123011-01-C, 0.10 
TP13009-01-Q6, 0.09 
00004556-001-QU-W-007-B1, -   
B86035-01,
D121016-04, 0.28 
00004556-003-TW-W-007-B3, -   
R88018-03, 0.06 
0118316-008-U-W-004, -   
B86020-18, 0.02 
A65075-01, 0.01 
00004556-006-QU-S-001- B2, 0.00 
B121015-05, 0.21 
B86020-31,
00004556-002-QU-M-007-B1, 0.01 
00004556-003-FL-W-004-B1, -   
R141012-05, 0.01 
00004556-003-QU-W-006-B2, -   
00004556-003-FL-W-005-B2, -   
B125003-01, 0.33 
R93022-02, 0.04 
B100002-02,
00004556-002-KI-M-007-B1, 0.01 
D120006-01, 0.09 
00004556-006-CK-S-005-B3, 0.00 
00004556-008-CK-S-004-B2, -   
00004556-008-QU-S-002-B1, 0.00 
00004556-009-FL-S-004-B2, 0.00 
D73017-01,
00004556-009-KI-S-006-B3, 0.01 
00004556-006-QU-S-002 - B1, -   
D090010-01, 0.10 
R141011-02, 0.04 
R93042-07, 0.04 
R120023-05, 0.00 
R84001-04,
B86007-20,
P123008-02-C, 0.06 
T58024-01, 1.00 
P56058-02-C,
R54016-01,
B117001-30, 0.62 
R158003-04, 0.14 
00004556-002-CK-W-001-B3, 0.01 
00004556-008-KI-S-004-B2, 0.01 
B86017-07, 0.03 
00004556-009-FL-S-006-B3, -   
P120001-04-C, 1.21 
00004556-007-TW-S-004-B1, -   
00004556-001-TW-W-002-B1, -   
SWA-CRY-006, 0.60 
B86023-07,
D126010-02, 0.43 
00004556-008-KI-S-006-B2, -   
T56004-01, 0.09 
00004556-007-CK-S-001-B1, -   
00004556-002-KI-M-006-B3, 0.02 
00004556-003-TW-M-001-B1, -   
D125003-01,
R158001-01, 0.01 
00004556-001-FL-M-003-B2, -   
D150005-02, 0.26 
B86100-06, 0.00 
00004556-006-KI-S-006-B3, 0.01 
B86021-06,
D150004-01, 0.02 
B15215-01, 0.27 
B66007-02,
D121008-03, 1.24 
B86013-06, 0.20 
D121017-03, 0.97 
A65007-01, -   
D121019-03, 0.76 
B86008-32, 0.25 
D119005-02,
A65063-01,
00004556-002-QU-W-006-B3, -   
R00002-07, 0.03 
B86038-03, 0.11 
00004556-001-KI-W-006-B3, -   
D78002-03, 0.13 
D119004-01, 0.07 
00004556-003-TW-M-005-B2, -   
D115007-02, 0.05 
B86012-27, 0.43 
R120011-08, 0.01 
B112002-01,
P84036-05-C, 0.12 
B15220-05, 0.75 
B86011-32, 0.15 
00004556-001-FL-M-001-B3, -   
B86001-04, 0.07 
B86013-33, 0.13 
B121012-02,
B15211-01, 0.16 
B86003-30, 0.42 
A65087-01,
D143010-03, 0.53 
R120029-04, 0.01 
T84009-01,
00004556-004-TW-S-007-B2, -   
00004556-005-CK-S-001-B2, -   
B86018-09, 0.17 
00004556-005-TW-S-004-B2, -   
P56017-03-C, 0.50 
B121003-01, 0.62 
00004556-009-QU-S-002-B3, -   
00004556-001-CK-W-003-B3, -   
R120011-02,
R141017-03, 0.03 
P126009-01-C, 0.76 
00004556-002-CK-M-007-B3, 0.01 
P126010-01-C, 0.90 
00004556-002-QU-W-001-B2, 0.01 
P120008-04-C, 0.21 
002560062-017-U-S-004, 0.02 
R120010-02,
R141028-05, 0.02 
R93041-03, 0.04 
C10010-01, 0.01 
D104008-03, 0.76 
B15212-06, 0.07 
P120010-07-C, 1.03 
B120007-01, 0.74 
B86025-02, 0.37 
R158001-03, 0.03 
00004556-003-KI-W-004-B2, -   
R120012-03, 1.00 